term,video_documents,comment_documents,video_keyness,comment_keyness
진정맑,47,39,249.02,49.87
진정맑은,47,39,249.02,49.87
올리고머,0,69,2.59,174.54
톤핏선,15,29,83.01,14.96
딘시,14,39,77.82,33.25
sunscreen,44,10,77.82,3.43
청초,57,49,42.99,6.23
물막,48,43,42.37,13.71
셀라보,7,57,41.5,13.15
이지워시,23,77,41.5,9.26
세라,49,14,32.42,4.68
맥시,10,37,3.36,31.58
조선미녀,41,71,31.13,6.9
선스크린,42,83,24.79,29.92
realbarrier,40,1,26.59,2.49
차단력,9,35,25.94,14.96
유브이,50,42,24.05,17.87
유브,50,42,24.05,17.87
순정,31,63,23.72,17.73
cera,39,1,23.06,1.66
레미디,70,62,23.02,9.24
착한박스,3,58,20.75,21.02
썬스틱,3,39,20.75,11.08
파란색,3,43,20.75,1.55
건강하시고,3,41,20.75,1.64
눈물이,3,47,20.75,1.96
파데프리로,3,58,20.75,4.75
선케어,30,58,20.1,8.17
허스텔러,14,26,19.45,9.62
sun,144,6,19.29,2.18
선앰플,27,59,18.16,7.87
레디,22,34,5.42,17.45
화장할,9,112,17.29,2.2
비프루브,14,47,15.56,7.48
쿨페어,23,21,15.56,7.84
후시다인,14,29,15.56,7.48
유튜버들,2,44,15.56,0.78
후니언님,2,2697,15.56,2.45
워터리,49,28,15.26,1.61
공동개발템,19,36,14.82,3.29
썬쿠션,3,76,10.38,14.77
스위스,2,75,2.22,14.58
프롬리,27,68,14.53,6.88
프롬리에,27,73,14.53,6.15
디펜스,32,37,14.27,11.84
씨뮤즈,1,49,5.19,13.85
울먹,3,54,2.59,13.71
alba,28,14,13.68,7.48
워터풀,37,59,8.21,13.6
마일드,122,117,13.29,9.81
보라,24,71,12.97,3.9
타고,4,36,12.97,1.49
투쿨,9,36,12.97,0.53
물광토너,4,38,12.97,4.05
니즈들,4,80,12.97,4.49
mood,70,4,3.12,12.47
goodal,46,14,5.95,12.47
pure,36,4,2.78,12.47
화장친구,18,49,12.32,8.91
생얼,6,41,12.11,1.16
싸이닉,13,27,12.11,4.99
차콜브라운,22,20,11.93,4.76
더마비,27,42,11.17,1.6
클리어베이지,33,27,11.02,5.37
파데프리,67,279,10.69,3.84
광고거절템,13,70,5.19,10.41
쓰고있는데,1,208,10.38,1.13
같아용,1,111,10.38,1.08
와중에,3,50,10.38,1.11
메이컵,1,48,10.38,1.13
후니언님은,1,108,10.38,2.86
언니는,3,232,10.38,1.38
부탁드려도,1,66,10.38,1.27
올영가서,1,42,10.38,1.06
와중,3,45,10.38,0.93
누르고,5,71,10.38,0.88
아니냐며,1,48,10.38,1.63
소개해주신,1,99,10.38,0.73
탐나요,1,43,10.38,1.07
바빠서,1,40,10.38,1.53
마린,29,37,10.38,6.32
쓰시나요,3,56,10.38,1.17
사용했는데,1,63,10.38,1.06
그랬는데,1,42,10.38,0.95
아시고,1,50,10.38,1.08
보고싶어요,1,154,10.38,1.04
모야,1,39,10.38,1.75
예쁘세요,1,57,10.38,1.03
엉엉,1,45,10.38,1.09
나가면,1,43,10.38,2.81
최고에요,1,92,10.38,0.84
파데프리템,7,35,10.38,6.41
차세안,5,80,10.38,2.43
오빠,1,106,10.38,2.1
바디용,3,39,10.38,4.99
기다렸습니다,1,50,10.38,0.8
사용하는데,1,79,10.38,0.94
영상보면서,1,112,10.38,1.29
올려주시면,1,49,10.38,1.13
구매했습니다,1,131,10.38,0.77
색상도,1,41,10.38,0.52
달려왔어요,1,43,10.38,0.91
헤메코,1,51,10.38,1.03
사용하신,1,57,10.38,0.87
리얼겟레디,6,157,7.26,10.1
뉴욕,3,54,1.22,9.8
프로바이오덤,31,17,9.77,3.45
히팅뷰러,46,52,9.75,4.26
스프링,58,4,9.57,0.78
athe,27,18,7.65,9.48
달바,54,233,9.2,9.41
리얼베리어,55,90,9.37,2.61
자작나무,44,152,9.34,5.96
투크베이지,44,38,9.34,3.74
moisture,85,3,9.3,1.66
barrier,51,4,9.3,1.39
목에,6,88,9.08,2.22
안하,6,44,9.08,1.52
셀리맥스,34,39,9.08,4.16
재조명,27,23,9.08,5.44
안하는,6,42,9.08,1.49
주근깨,6,91,9.08,3.1
피니셔,13,42,3.16,8.93
선에센스,16,34,8.82,3.01
보라색,9,69,8.65,1.82
클렌징폼으로,4,42,8.65,2.44
발라요,4,44,8.65,1.26
오에라,9,219,4.72,8.57
겟레디,30,244,8.46,3.89
노세범,37,60,7.58,8.45
daiso,64,10,8.43,2.29
로벡틴,15,97,8.3,4.89
아떼,50,282,8.27,4.74
mool,27,16,8.07,3.85
롱컬링,36,32,8.0,5.49
auto,40,2,7.88,1.25
액티브업,27,21,7.65,7.84
설명이,2,42,7.78,0.65
솔직하고,2,43,7.78,1.44
괜찮은가요,2,49,7.78,1.45
moisturizing,44,3,7.78,3.32
아침에는,2,39,7.78,1.0
있다가,2,38,7.78,0.85
화장전,2,61,7.78,1.96
curler,72,1,7.73,4.99
보송,39,30,7.69,1.89
유이크,85,456,7.69,5.11
기입,71,55,7.62,3.17
릴리프,65,40,7.61,6.39
수딩세럼,21,20,7.61,3.27
맑은,70,63,7.52,0.84
fusion,54,11,7.51,4.27
히로인,35,28,7.47,3.62
벤튼,22,74,7.46,5.5
jung,32,16,7.44,3.53
구달,96,311,7.4,4.25
바이옴,83,73,7.39,2.71
워터락,12,56,5.19,7.11
양산,5,36,6.23,7.1
cell,55,11,7.09,3.74
무스,15,38,3.46,6.95
텐션이,3,45,6.92,2.12
아묻따,3,99,6.92,1.22
글고,3,53,6.92,1.12
요즘에,7,80,6.92,1.24
식물나라,23,62,5.93,6.83
고급,58,20,6.8,1.14
브레,12,79,6.74,3.5
브레이,12,82,6.74,3.0
쉐이퍼,40,3,6.65,2.49
노즈,31,21,6.64,2.89
ahc,22,56,6.63,4.44
기부,6,36,4.54,6.59
cooling,42,1,6.56,1.25
eyelash,79,1,6.48,4.99
공주님,4,38,6.48,1.77
나갈,4,42,6.48,2.44
프로텍터,25,38,5.4,6.48
베이스로,4,38,6.48,1.03
여름용,4,44,6.48,1.67
화장하면,4,81,6.48,1.73
올라와서,4,198,6.48,0.8
nature,65,7,6.46,1.66
aqua,66,1,6.44,2.49
셀퓨전씨,82,281,6.43,2.28
애칭,1,58,1.04,6.4
스무스,42,26,6.37,4.49
에보니,27,22,6.32,3.58
학교,5,85,6.23,2.9
리뷰도,5,109,6.23,0.86
햇빛,11,91,6.23,2.67
물놀이,5,36,6.23,3.18
순서대로,56,63,6.16,1.73
외출,12,76,6.13,2.46
미친듯,6,49,6.05,1.14
미친듯이,6,45,6.05,1.18
아이디어,6,41,6.05,1.2
꿀팁도,6,34,6.05,1.15
dasique,93,12,6.02,3.24
브이컷,44,3,5.99,1.99
라운드랩,112,204,5.98,2.94
missha,53,10,5.96,2.29
뷰러,86,52,5.94,2.03
밀리는,7,37,5.93,2.56
퍼플,26,53,5.6,5.85
각질이,8,73,5.84,0.82
소나무,53,244,5.84,2.15
발랐을,8,52,5.84,1.89
발랐,8,53,5.84,1.84
tag,27,21,5.81,3.92
라스트,67,10,5.78,2.29
오토,58,9,5.78,3.12
라보에이치,19,33,5.76,1.37
last,42,4,5.72,1.25
노출의무없음,61,46,5.64,3.08
어성초,118,153,5.61,1.08
투에이엔,27,18,5.59,1.28
화알못,13,27,5.59,1.79
calming,54,2,5.59,1.25
필링젤,13,37,5.59,1.66
쿨링앰플,3,37,5.19,5.57
에스네이처,136,267,5.55,1.16
한올,31,11,5.53,2.99
단순선물,63,49,5.53,2.9
stick,67,2,5.51,1.87
역시나,16,68,5.51,1.1
화장하면서,2,67,3.89,5.47
디파이닝,59,37,5.46,3.06
후니언마켓,44,61,5.43,1.74
노워시,22,22,5.42,2.39
후니언즈,23,81,5.41,2.22
미샤,71,240,5.41,1.75
하단에,54,49,5.38,3.67
닥터지,54,157,5.38,2.25
아쿠아,190,142,5.3,1.68
디자이닝,28,16,4.3,5.3
프레쉬,45,28,5.3,1.95
비건,143,107,5.26,2.47
쿨링,124,247,5.23,2.75
컨실,38,14,5.19,2.49
신뢰도,1,41,5.19,0.97
연주님,0,74,5.19,0.87
형님,0,471,5.19,2.47
오찬님,0,88,5.19,0.86
좋아여,0,98,5.19,1.29
부탁드려,1,66,5.19,1.2
얻고,3,58,5.19,1.35
수부지라,0,46,5.19,0.97
여쭤봅니다,0,49,5.19,1.21
후니언님이랑,0,43,5.19,2.55
예쁘네요,0,57,5.19,0.42
궁금,0,52,5.19,0.96
언니를,0,57,5.19,1.27
보고있습니다,0,40,5.19,0.71
이거다,1,43,5.19,1.04
행님,0,45,5.19,1.76
어떤걸,2,90,5.19,1.0
겨울에도,4,56,5.19,1.54
있을까용,0,52,5.19,0.7
구독했어요,0,41,5.19,1.01
써보고싶어요,0,130,5.19,0.81
구매합니다,1,94,5.19,0.85
선한,0,46,5.19,4.51
엉니,0,132,5.19,1.45
알고싶어요,0,41,5.19,0.87
화장할때,0,101,5.19,2.14
싶어졌어요,0,46,5.19,1.22
믿고보는,0,89,5.19,0.98
고민입니다,0,67,5.19,1.27
자냥이들의,22,24,5.19,3.28
둘중,0,42,5.19,0.9
프리따님,0,153,5.19,1.25
유용해요,0,54,5.19,1.21
밀크터치,32,24,5.19,0.63
최고예요,0,69,5.19,0.95
tone,142,19,5.19,1.78
기대되요,0,168,5.19,1.03
홀린듯이,0,64,5.19,1.18
보자마자,1,132,5.19,0.77
찾고있었는데,0,64,5.19,1.17
딱일,0,47,5.19,1.11
유익해요,0,53,5.19,1.15
제나님,0,259,5.19,1.43
분이,2,67,5.19,1.12
온그리디언츠,18,30,5.19,1.52
썼었는데,0,53,5.19,0.7
같아여,0,43,5.19,0.76
토너도,2,38,5.19,0.91
존버,2,54,5.19,1.11
진짜루,2,41,5.19,1.31
탐나네요,0,46,5.19,1.22
vegan,43,0,5.19,1.25
있으실까요,0,77,5.19,0.85
하구,0,45,5.19,1.19
유투브,0,40,5.19,0.8
컨실러로,5,40,5.19,1.23
궁금해용,0,131,5.19,0.89
잇레티놀,0,40,5.19,1.18
써봐야겠어요,0,113,5.19,0.72
스완님,0,1062,5.19,2.45
