quarter,topic_id,source,document_count,composition,velocity_yoy,persistence,persistence_count,channel_diffusion,unique_ratio,evidence_strength,opportunity_score,trend_type,gap_pp,hold_reason,single_source,judged,tau,diffusion_tau,metric_version
2023Q3,SPF_PA,youtube_comment,7,0.00759,,0.0,0,0.623,1.0,32.7,,근거 부족,-10.52,,true,false,0.35,0.089,v0.2
2023Q4,SPF_PA,youtube_comment,10,0.01325,,0.5,1,0.676,1.0,41.4,,근거 부족,-13.33,,true,false,0.35,0.089,v0.2
2024Q1,SPF_PA,youtube_comment,6,0.00868,,0.667,2,0.674,1.0,35.7,,근거 부족,-9.48,,true,false,0.35,0.089,v0.2
2024Q2,SPF_PA,youtube_comment,15,0.00842,,0.75,3,0.643,1.0,43.2,,근거 부족,-6.64,,true,false,0.35,0.089,v0.2
2024Q3,SPF_PA,youtube_comment,16,0.01514,0.69,1.0,4,0.529,1.0,43.0,,근거 부족,-7.98,,true,false,0.35,0.089,v0.2
2024Q4,SPF_PA,youtube_comment,1,0.00117,,0.75,3,0.554,1.0,27.3,,근거 부족,-7.76,,true,false,0.35,0.089,v0.2
2025Q1,SPF_PA,youtube_comment,6,0.00483,-0.5855,0.5,2,0.596,1.0,31.3,,근거 부족,-7.85,,true,false,0.35,0.089,v0.2
2025Q2,SPF_PA,youtube_comment,18,0.00871,0.0334,0.5,2,0.665,1.0,45.0,,근거 부족,-6.9,,true,false,0.35,0.089,v0.2
2025Q3,SPF_PA,youtube_comment,7,0.0059,-0.9418,0.25,1,0.58,1.0,35.4,,근거 부족,-4.76,,true,false,0.35,0.089,v0.2
2025Q4,SPF_PA,youtube_comment,3,0.00353,,0.25,1,0.539,1.0,29.7,,근거 부족,-3.79,,true,false,0.35,0.089,v0.2
2026Q1,SPF_PA,youtube_comment,3,0.00304,,0.25,1,0.553,1.0,29.2,,근거 부족,-7.79,,true,false,0.35,0.089,v0.2
2026Q2,SPF_PA,youtube_comment,32,0.01437,0.5008,0.25,1,0.678,1.0,52.3,50.3,신규 등장,-3.5,,true,true,0.35,0.089,v0.2
2026Q3,SPF_PA,youtube_comment,8,0.00817,0.3253,0.25,1,0.54,1.0,35.3,,미확정(진행 중),-2.75,,true,false,0.35,0.089,v0.2
2023Q3,끈적임_유분감,youtube_comment,108,0.11714,,1.0,1,0.613,1.0,70.6,,판정 보류,6.45,전년 동분기 표본 부족,true,false,0.35,0.089,v0.2
2023Q4,끈적임_유분감,youtube_comment,55,0.07285,,0.5,1,0.594,1.0,68.4,,판정 보류,4.7,전년 동분기 표본 부족,true,false,0.35,0.089,v0.2
2024Q1,끈적임_유분감,youtube_comment,44,0.06368,,0.333,1,0.561,1.0,64.0,,판정 보류,2.92,전년 동분기 표본 부족,true,false,0.35,0.089,v0.2
2024Q2,끈적임_유분감,youtube_comment,171,0.09601,,0.5,2,0.654,1.0,84.0,,판정 보류,5.66,전년 동분기 표본 부족,true,false,0.35,0.089,v0.2
2024Q3,끈적임_유분감,youtube_comment,119,0.11258,-0.0397,0.5,2,0.571,1.0,78.7,,판정 보류,8.09,변화가 tau 이내이나 지속성 부족,true,false,0.35,0.089,v0.2
2024Q4,끈적임_유분감,youtube_comment,63,0.07343,0.0079,0.5,2,0.553,1.0,68.3,,판정 보류,5.77,변화가 tau 이내이나 지속성 부족,true,false,0.35,0.089,v0.2
2025Q1,끈적임_유분감,youtube_comment,83,0.06688,0.0491,0.5,2,0.571,1.0,68.7,,판정 보류,4.9,변화가 tau 이내이나 지속성 부족,true,false,0.35,0.089,v0.2
2025Q2,끈적임_유분감,youtube_comment,188,0.09095,-0.0541,0.25,1,0.605,1.0,87.1,,판정 보류,3.27,변화가 tau 이내이나 지속성 부족,true,false,0.35,0.089,v0.2
2025Q3,끈적임_유분감,youtube_comment,111,0.09359,-0.1847,0.25,1,0.603,1.0,76.1,,판정 보류,5.62,변화가 tau 이내이나 지속성 부족,true,false,0.35,0.089,v0.2
2025Q4,끈적임_유분감,youtube_comment,79,0.09294,0.2357,0.25,1,0.541,1.0,70.4,,판정 보류,6.53,변화가 tau 이내이나 지속성 부족,true,false,0.35,0.089,v0.2
2026Q1,끈적임_유분감,youtube_comment,86,0.08722,0.2655,0.25,1,0.557,1.0,68.4,,판정 보류,5.83,변화가 tau 이내이나 지속성 부족,true,false,0.35,0.089,v0.2
2026Q2,끈적임_유분감,youtube_comment,222,0.09969,0.0917,0.5,2,0.629,1.0,88.2,,판정 보류,3.49,변화가 tau 이내이나 지속성 부족,true,false,0.35,0.089,v0.2
2026Q3,끈적임_유분감,youtube_comment,104,0.10623,0.1267,0.5,2,0.585,1.0,73.9,,미확정(진행 중),3.48,,true,false,0.35,0.089,v0.2
2023Q3,무기자차,youtube_comment,75,0.08134,,1.0,1,0.656,1.0,61.5,,판정 보류,0.61,전년 동분기 표본 부족,true,false,0.35,0.089,v0.2
2023Q4,무기자차,youtube_comment,48,0.06358,,0.5,1,0.612,1.0,56.8,,판정 보류,-3.12,전년 동분기 표본 부족,true,false,0.35,0.089,v0.2
2024Q1,무기자차,youtube_comment,62,0.08973,,0.667,2,0.68,1.0,66.6,,판정 보류,-0.51,전년 동분기 표본 부족,true,false,0.35,0.089,v0.2
2024Q2,무기자차,youtube_comment,217,0.12184,,0.75,3,0.828,1.0,85.8,,판정 보류,-0.02,전년 동분기 표본 부족,true,false,0.35,0.089,v0.2
2024Q3,무기자차,youtube_comment,67,0.06339,-0.2494,0.5,2,0.613,1.0,63.4,,판정 보류,-0.62,변화가 tau 이내이나 지속성 부족,true,false,0.35,0.089,v0.2
2024Q4,무기자차,youtube_comment,45,0.05245,-0.1924,0.5,2,0.605,1.0,52.4,,판정 보류,-1.84,변화가 tau 이내이나 지속성 부족,true,false,0.35,0.089,v0.2
2025Q1,무기자차,youtube_comment,94,0.07575,-0.1694,0.25,1,0.583,1.0,65.7,,판정 보류,2.81,변화가 tau 이내이나 지속성 부족,true,false,0.35,0.089,v0.2
2025Q2,무기자차,youtube_comment,205,0.09918,-0.2058,0.25,1,0.71,1.0,83.4,,판정 보류,2.48,변화가 tau 이내이나 지속성 부족,true,false,0.35,0.089,v0.2
2025Q3,무기자차,youtube_comment,70,0.05902,-0.0713,0.25,1,0.692,1.0,67.8,,판정 보류,-2.12,변화가 tau 이내이나 지속성 부족,true,false,0.35,0.089,v0.2
2025Q4,무기자차,youtube_comment,38,0.04471,-0.1597,0.25,1,0.658,1.0,55.4,,판정 보류,-3.81,변화가 tau 이내이나 지속성 부족,true,false,0.35,0.089,v0.2
2026Q1,무기자차,youtube_comment,48,0.04868,-0.4421,0.25,1,0.574,1.0,58.3,7.8,사라짐,-0.91,,true,true,0.35,0.089,v0.2
2026Q2,무기자차,youtube_comment,286,0.12842,0.2584,0.25,1,0.758,1.0,86.2,,판정 보류,2.66,변화가 tau 이내이나 지속성 부족,true,false,0.35,0.089,v0.2
2026Q3,무기자차,youtube_comment,83,0.08478,0.3622,0.5,2,0.657,1.0,67.1,,미확정(진행 중),-2.24,,true,false,0.35,0.089,v0.2
2023Q3,밀림_들뜸,youtube_comment,9,0.00976,,0.0,0,0.026,1.0,41.0,,근거 부족,0.22,,true,false,0.35,0.089,v0.2
2023Q4,밀림_들뜸,youtube_comment,6,0.00795,,0.0,0,0.562,1.0,38.1,,근거 부족,-0.93,,true,false,0.35,0.089,v0.2
2024Q1,밀림_들뜸,youtube_comment,12,0.01737,,0.333,1,0.559,1.0,43.1,,근거 부족,0.01,,true,false,0.35,0.089,v0.2
2024Q2,밀림_들뜸,youtube_comment,20,0.01123,,0.25,1,0.021,1.0,48.0,,근거 부족,0.73,,true,false,0.35,0.089,v0.2
2024Q3,밀림_들뜸,youtube_comment,14,0.01325,0.3052,0.25,1,0.0,1.0,40.5,,근거 부족,1.32,,true,false,0.35,0.089,v0.2
2024Q4,밀림_들뜸,youtube_comment,6,0.00699,-0.1279,0.25,1,0.0,1.0,31.7,,근거 부족,0.7,,true,false,0.35,0.089,v0.2
2025Q1,밀림_들뜸,youtube_comment,19,0.01531,-0.126,0.25,1,0.548,1.0,44.5,,근거 부족,0.34,,true,false,0.35,0.089,v0.2
2025Q2,밀림_들뜸,youtube_comment,33,0.01597,0.3519,0.5,2,0.554,1.0,55.8,54.9,급상승,0.63,,true,true,0.35,0.089,v0.2
2025Q3,밀림_들뜸,youtube_comment,13,0.01096,-0.1893,0.5,2,0.0,1.0,40.0,,근거 부족,1.1,,true,false,0.35,0.089,v0.2
2025Q4,밀림_들뜸,youtube_comment,8,0.00941,0.297,0.5,2,0.568,1.0,34.6,,근거 부족,-1.13,,true,false,0.35,0.089,v0.2
2026Q1,밀림_들뜸,youtube_comment,17,0.01724,0.1188,0.5,2,0.538,1.0,45.5,,근거 부족,0.57,,true,false,0.35,0.089,v0.2
2026Q2,밀림_들뜸,youtube_comment,43,0.01931,0.1901,0.5,2,0.53,1.0,57.4,,판정 보류,-0.85,변화가 tau 이내이나 지속성 부족,true,false,0.35,0.089,v0.2
2026Q3,밀림_들뜸,youtube_comment,13,0.01328,0.1918,0.75,3,0.0,1.0,39.0,,미확정(진행 중),1.33,,true,false,0.35,0.089,v0.2
2023Q3,발림성,youtube_comment,51,0.05531,,1.0,1,0.605,1.0,62.5,,판정 보류,2.52,전년 동분기 표본 부족,true,false,0.35,0.089,v0.2
2023Q4,발림성,youtube_comment,26,0.03444,,0.5,1,0.594,1.0,55.8,,판정 보류,0.86,전년 동분기 표본 부족,true,false,0.35,0.089,v0.2
2024Q1,발림성,youtube_comment,33,0.04776,,0.333,1,0.598,1.0,57.9,,판정 보류,0.47,전년 동분기 표본 부족,true,false,0.35,0.089,v0.2
2024Q2,발림성,youtube_comment,96,0.0539,,0.5,2,0.646,1.0,76.0,,판정 보류,2.63,전년 동분기 표본 부족,true,false,0.35,0.089,v0.2
2024Q3,발림성,youtube_comment,53,0.05014,-0.0982,0.25,1,0.624,1.0,65.0,,판정 보류,0.58,변화가 tau 이내이나 지속성 부족,true,false,0.35,0.089,v0.2
2024Q4,발림성,youtube_comment,23,0.02681,-0.2505,0.25,1,0.553,1.0,51.7,,판정 보류,1.11,변화가 tau 이내이나 지속성 부족,true,false,0.35,0.089,v0.2
2025Q1,발림성,youtube_comment,63,0.05077,0.0611,0.25,1,0.707,1.0,70.9,42.0,채널 확산,-0.88,,true,true,0.35,0.089,v0.2
2025Q2,발림성,youtube_comment,116,0.05612,0.0403,0.25,1,0.617,1.0,81.3,,판정 보류,2.05,변화가 tau 이내이나 지속성 부족,true,false,0.35,0.089,v0.2
2025Q3,발림성,youtube_comment,85,0.07167,0.3572,0.5,2,0.568,1.0,71.7,63.6,급상승,-0.85,,true,true,0.35,0.089,v0.2
2025Q4,발림성,youtube_comment,57,0.06706,0.9169,0.75,3,0.578,1.0,63.0,99.2,급상승,1.19,,true,true,0.35,0.089,v0.2
2026Q1,발림성,youtube_comment,38,0.03854,-0.2755,0.75,3,0.624,1.0,54.6,46.3,지속 인기,-0.77,,true,true,0.35,0.089,v0.2
2026Q2,발림성,youtube_comment,121,0.05433,-0.0324,0.75,3,0.63,1.0,76.9,67.9,지속 인기,-0.43,,true,true,0.35,0.089,v0.2
2026Q3,발림성,youtube_comment,45,0.04597,-0.4442,0.5,2,0.492,1.0,59.2,,미확정(진행 중),0.13,,true,false,0.35,0.089,v0.2
2023Q3,백탁,youtube_comment,24,0.02603,,1.0,1,0.0,1.0,47.2,,근거 부족,2.6,,true,false,0.35,0.089,v0.2
2023Q4,백탁,youtube_comment,15,0.01987,,1.0,2,0.031,1.0,47.7,,근거 부족,1.12,,true,false,0.35,0.089,v0.2
2024Q1,백탁,youtube_comment,14,0.02026,,1.0,3,0.0,1.0,44.4,,근거 부족,2.03,,true,false,0.35,0.089,v0.2
2024Q2,백탁,youtube_comment,33,0.01853,,0.75,3,0.562,1.0,58.2,,판정 보류,0.67,전년 동분기 표본 부족,true,false,0.35,0.089,v0.2
2024Q3,백탁,youtube_comment,14,0.01325,-0.6756,0.5,2,0.545,1.0,44.8,,근거 부족,0.06,,true,false,0.35,0.089,v0.2
2024Q4,백탁,youtube_comment,8,0.00932,-0.7565,0.25,1,0.026,1.0,40.2,,근거 부족,0.14,,true,false,0.35,0.089,v0.2
2025Q1,백탁,youtube_comment,22,0.01773,-0.1335,0.0,0,0.0,1.0,48.4,,근거 부족,1.77,,true,false,0.35,0.089,v0.2
2025Q2,백탁,youtube_comment,48,0.02322,0.2258,0.25,1,0.495,1.0,66.3,,판정 보류,1.35,변화가 tau 이내이나 지속성 부족,true,false,0.35,0.089,v0.2
2025Q3,백탁,youtube_comment,19,0.01602,0.1902,0.25,1,0.538,1.0,45.2,,근거 부족,0.53,,true,false,0.35,0.089,v0.2
2025Q4,백탁,youtube_comment,3,0.00353,,0.25,1,0.0,1.0,29.7,,근거 부족,0.35,,true,false,0.35,0.089,v0.2
2026Q1,백탁,youtube_comment,12,0.01217,-0.3761,0.25,1,0.498,1.0,39.3,,근거 부족,-0.52,,true,false,0.35,0.089,v0.2
2026Q2,백탁,youtube_comment,57,0.02559,0.0973,0.25,1,0.017,1.0,61.4,,판정 보류,2.25,변화가 tau 이내이나 지속성 부족,true,false,0.35,0.089,v0.2
2026Q3,백탁,youtube_comment,57,0.05822,1.2904,0.5,2,0.54,1.0,62.4,,미확정(진행 중),4.04,,true,false,0.35,0.089,v0.2
2023Q3,성분_신제품,youtube_comment,112,0.12148,,0.0,0,0.64,1.0,77.9,,판정 보류,-2.89,전년 동분기 표본 부족,true,false,0.35,0.089,v0.2
2023Q4,성분_신제품,youtube_comment,113,0.14967,,0.0,0,0.703,1.0,74.8,,판정 보류,-1.41,전년 동분기 표본 부족,true,false,0.35,0.089,v0.2
2024Q1,성분_신제품,youtube_comment,129,0.18669,,0.333,1,0.606,1.0,80.6,,판정 보류,1.43,전년 동분기 표본 부족,true,false,0.35,0.089,v0.2
2024Q2,성분_신제품,youtube_comment,201,0.11286,,0.25,1,0.677,1.0,82.5,,판정 보류,-0.13,전년 동분기 표본 부족,true,false,0.35,0.089,v0.2
2024Q3,성분_신제품,youtube_comment,163,0.15421,0.2386,0.25,1,0.683,0.9939,81.4,,판정 보류,-2.93,변화가 tau 이내이나 지속성 부족,true,false,0.35,0.089,v0.2
2024Q4,성분_신제품,youtube_comment,174,0.2028,0.3038,0.5,2,0.664,1.0,77.7,,판정 보류,5.32,변화가 tau 이내이나 지속성 부족,true,false,0.35,0.089,v0.2
2025Q1,성분_신제품,youtube_comment,212,0.17083,-0.0888,0.5,2,0.734,1.0,89.7,61.6,채널 확산,-1.97,,true,true,0.35,0.089,v0.2
2025Q2,성분_신제품,youtube_comment,214,0.10353,-0.0863,0.5,2,0.815,1.0,89.1,65.4,채널 확산,-4.86,,true,true,0.35,0.089,v0.2
2025Q3,성분_신제품,youtube_comment,206,0.17369,0.119,0.75,3,0.651,1.0,86.4,80.1,지속 인기,5.6,,true,true,0.35,0.089,v0.2
2025Q4,성분_신제품,youtube_comment,144,0.16941,-0.1799,0.75,3,0.729,1.0,81.6,68.8,지속 인기,2.46,,true,true,0.35,0.089,v0.2
2026Q1,성분_신제품,youtube_comment,198,0.20081,0.1617,0.75,3,0.75,1.0,83.0,85.1,지속 인기,3.9,,true,true,0.35,0.089,v0.2
2026Q2,성분_신제품,youtube_comment,322,0.14459,0.334,0.75,3,0.8,1.0,93.2,100.0,지속 인기,0.88,,true,true,0.35,0.089,v0.2
2026Q3,성분_신제품,youtube_comment,147,0.15015,-0.1456,0.5,2,0.734,1.0,83.0,,미확정(진행 중),-1.95,,true,false,0.35,0.089,v0.2
2023Q3,유기자차,youtube_comment,29,0.03145,,0.0,0,0.553,1.0,46.1,,근거 부족,1.64,,true,false,0.35,0.089,v0.2
2023Q4,유기자차,youtube_comment,25,0.03311,,0.0,0,0.522,1.0,49.4,,근거 부족,0.72,,true,false,0.35,0.089,v0.2
2024Q1,유기자차,youtube_comment,28,0.04052,,0.333,1,0.029,1.0,51.7,,판정 보류,3.19,전년 동분기 표본 부족,true,false,0.35,0.089,v0.2
2024Q2,유기자차,youtube_comment,111,0.06232,,0.5,2,0.766,1.0,76.6,,판정 보류,0.72,전년 동분기 표본 부족,true,false,0.35,0.089,v0.2
2024Q3,유기자차,youtube_comment,32,0.03027,-0.0382,0.5,2,0.541,1.0,48.9,,근거 부족,0.49,,true,false,0.35,0.089,v0.2
2024Q4,유기자차,youtube_comment,19,0.02214,-0.4023,0.5,2,0.026,1.0,40.5,,근거 부족,1.43,,true,false,0.35,0.089,v0.2
2025Q1,유기자차,youtube_comment,46,0.03707,-0.0891,0.5,2,0.571,1.0,50.5,34.3,채널 확산,1.92,,true,true,0.35,0.089,v0.2
2025Q2,유기자차,youtube_comment,99,0.0479,-0.2633,0.5,2,0.639,1.0,72.1,,판정 보류,-0.39,변화가 tau 이내이나 지속성 부족,true,false,0.35,0.089,v0.2
2025Q3,유기자차,youtube_comment,29,0.02445,-0.2136,0.5,2,0.019,1.0,49.1,,근거 부족,1.38,,true,false,0.35,0.089,v0.2
2025Q4,유기자차,youtube_comment,9,0.01059,-0.7378,0.5,2,0.545,1.0,36.8,,근거 부족,-0.32,,true,false,0.35,0.089,v0.2
2026Q1,유기자차,youtube_comment,25,0.02535,-0.3797,0.25,1,0.538,1.0,44.9,,근거 부족,1.38,,true,false,0.35,0.089,v0.2
2026Q2,유기자차,youtube_comment,170,0.07634,0.4661,0.25,1,0.628,1.0,75.2,57.6,단기 피크,2.7,,true,true,0.35,0.089,v0.2
2026Q3,유기자차,youtube_comment,34,0.03473,0.3509,0.5,2,0.533,1.0,53.2,,미확정(진행 중),-0.1,,true,false,0.35,0.089,v0.2
2023Q3,자극_눈시림,youtube_comment,187,0.20282,,1.0,1,0.626,1.0,81.5,,판정 보류,13.51,전년 동분기 표본 부족,true,false,0.35,0.089,v0.2
2023Q4,자극_눈시림,youtube_comment,140,0.18543,,1.0,2,0.567,1.0,80.4,,판정 보류,15.1,전년 동분기 표본 부족,true,false,0.35,0.089,v0.2
2024Q1,자극_눈시림,youtube_comment,97,0.14038,,0.667,2,0.677,1.0,74.9,,판정 보류,5.42,전년 동분기 표본 부족,true,false,0.35,0.089,v0.2
2024Q2,자극_눈시림,youtube_comment,213,0.1196,,0.5,2,0.684,1.0,86.6,,판정 보류,2.51,전년 동분기 표본 부족,true,false,0.35,0.089,v0.2
2024Q3,자극_눈시림,youtube_comment,150,0.14191,-0.3571,0.25,1,0.62,1.0,83.8,,판정 보류,9.13,하락하지만 최고 분기(22.5%)의 절반 이상,true,false,0.35,0.089,v0.2
2024Q4,자극_눈시림,youtube_comment,143,0.16667,-0.1067,0.0,0,0.582,1.0,78.6,,판정 보류,5.64,변화가 tau 이내이나 지속성 부족,true,false,0.35,0.089,v0.2
2025Q1,자극_눈시림,youtube_comment,186,0.14988,0.0655,0.0,0,0.677,1.0,80.7,,판정 보류,7.85,변화가 tau 이내이나 지속성 부족,true,false,0.35,0.089,v0.2
2025Q2,자극_눈시림,youtube_comment,325,0.15723,0.2736,0.0,0,0.73,1.0,96.6,,판정 보류,6.66,변화가 tau 이내이나 지속성 부족,true,false,0.35,0.089,v0.2
2025Q3,자극_눈시림,youtube_comment,219,0.18465,0.2633,0.25,1,0.743,1.0,90.7,62.2,채널 확산,6.17,,true,true,0.35,0.089,v0.2
2025Q4,자극_눈시림,youtube_comment,191,0.22471,0.2988,0.5,2,0.755,1.0,84.7,76.7,채널 확산,12.13,,true,true,0.35,0.089,v0.2
2026Q1,자극_눈시림,youtube_comment,193,0.19574,0.267,0.75,3,0.732,1.0,80.1,87.3,지속 인기,3.39,,true,true,0.35,0.089,v0.2
2026Q2,자극_눈시림,youtube_comment,276,0.12393,-0.238,0.75,3,0.673,1.0,90.8,68.1,지속 인기,5.29,,true,true,0.35,0.089,v0.2
2026Q3,자극_눈시림,youtube_comment,203,0.20735,0.1159,0.75,3,0.642,1.0,84.4,,미확정(진행 중),9.13,,true,false,0.35,0.089,v0.2
2023Q3,지속력_워터프루프,youtube_comment,33,0.03579,,0.0,0,0.633,1.0,57.8,,판정 보류,-5.44,전년 동분기 표본 부족,true,false,0.35,0.089,v0.2
2023Q4,지속력_워터프루프,youtube_comment,12,0.01589,,0.0,0,0.629,1.0,39.9,,근거 부족,-6.17,,true,false,0.35,0.089,v0.2
2024Q1,지속력_워터프루프,youtube_comment,32,0.04631,,0.333,1,0.677,1.0,64.3,,판정 보류,-3.99,전년 동분기 표본 부족,true,false,0.35,0.089,v0.2
2024Q2,지속력_워터프루프,youtube_comment,68,0.03818,,0.25,1,0.761,1.0,69.0,,판정 보류,-4.84,전년 동분기 표본 부족,true,false,0.35,0.089,v0.2
2024Q3,지속력_워터프루프,youtube_comment,64,0.06055,0.5257,0.5,2,0.649,1.0,66.0,72.0,급상승,-5.97,,true,true,0.35,0.089,v0.2
2024Q4,지속력_워터프루프,youtube_comment,23,0.02681,0.5227,0.5,2,0.666,1.0,50.1,64.9,급상승,-9.13,,true,true,0.35,0.089,v0.2
2025Q1,지속력_워터프루프,youtube_comment,50,0.04029,-0.1392,0.25,1,0.678,1.0,63.7,,판정 보류,-6.09,변화가 tau 이내이나 지속성 부족,true,false,0.35,0.089,v0.2
2025Q2,지속력_워터프루프,youtube_comment,103,0.04983,0.2663,0.5,2,0.76,1.0,78.0,,판정 보류,-4.08,변화가 tau 이내이나 지속성 부족,true,false,0.35,0.089,v0.2
2025Q3,지속력_워터프루프,youtube_comment,49,0.04132,-0.3822,0.5,2,0.736,1.0,68.4,,판정 보류,-7.1,하락하지만 최고 분기(6.1%)의 절반 이상,true,false,0.35,0.089,v0.2
2025Q4,지속력_워터프루프,youtube_comment,19,0.02235,-0.1817,0.5,2,0.718,1.0,47.0,,근거 부족,-8.11,,true,false,0.35,0.089,v0.2
2026Q1,지속력_워터프루프,youtube_comment,29,0.02941,-0.3147,0.5,2,0.613,1.0,50.3,,판정 보류,-5.15,변화가 tau 이내이나 지속성 부족,true,false,0.35,0.089,v0.2
2026Q2,지속력_워터프루프,youtube_comment,103,0.04625,-0.0746,0.5,2,0.679,1.0,70.7,,판정 보류,-4.33,변화가 tau 이내이나 지속성 부족,true,false,0.35,0.089,v0.2
2026Q3,지속력_워터프루프,youtube_comment,42,0.0429,0.0377,0.5,2,0.647,1.0,61.7,,미확정(진행 중),-4.64,,true,false,0.35,0.089,v0.2
2023Q3,촉촉함_건조함,youtube_comment,196,0.21258,,0.0,0,0.792,1.0,84.1,,판정 보류,-5.81,전년 동분기 표본 부족,true,false,0.35,0.089,v0.2
2023Q4,촉촉함_건조함,youtube_comment,275,0.36424,,0.5,1,0.851,1.0,93.1,,판정 보류,11.42,전년 동분기 표본 부족,true,false,0.35,0.089,v0.2
2024Q1,촉촉함_건조함,youtube_comment,155,0.22431,,0.667,2,0.811,1.0,82.4,,판정 보류,-1.71,전년 동분기 표본 부족,true,false,0.35,0.089,v0.2
2024Q2,촉촉함_건조함,youtube_comment,327,0.1836,,0.5,2,0.882,1.0,95.2,,판정 보류,0.64,전년 동분기 표본 부족,true,false,0.35,0.089,v0.2
2024Q3,촉촉함_건조함,youtube_comment,238,0.22517,0.0575,0.75,3,0.795,1.0,87.7,85.2,지속 인기,1.0,,true,true,0.35,0.089,v0.2
2024Q4,촉촉함_건조함,youtube_comment,309,0.36014,-0.0113,0.75,3,0.85,1.0,93.4,87.8,지속 인기,9.24,,true,true,0.35,0.089,v0.2
2025Q1,촉촉함_건조함,youtube_comment,237,0.19098,-0.1609,0.5,2,0.771,1.0,88.5,,판정 보류,0.05,변화가 tau 이내이나 지속성 부족,true,false,0.35,0.089,v0.2
2025Q2,촉촉함_건조함,youtube_comment,345,0.16691,-0.0953,0.5,2,0.839,1.0,96.3,,판정 보류,-1.11,변화가 tau 이내이나 지속성 부족,true,false,0.35,0.089,v0.2
2025Q3,촉촉함_건조함,youtube_comment,258,0.21754,-0.0345,0.25,1,0.813,1.0,90.8,,판정 보류,2.5,변화가 tau 이내이나 지속성 부족,true,false,0.35,0.089,v0.2
2025Q4,촉촉함_건조함,youtube_comment,245,0.28824,-0.2227,0.25,1,0.847,1.0,93.7,,판정 보류,0.55,변화가 tau 이내이나 지속성 부족,true,false,0.35,0.089,v0.2
2026Q1,촉촉함_건조함,youtube_comment,278,0.28195,0.3896,0.5,2,0.855,1.0,87.9,87.1,급상승,5.07,,true,true,0.35,0.089,v0.2
2026Q2,촉촉함_건조함,youtube_comment,360,0.16165,-0.032,0.5,2,0.813,1.0,93.4,,판정 보류,-2.05,변화가 tau 이내이나 지속성 부족,true,false,0.35,0.089,v0.2
2026Q3,촉촉함_건조함,youtube_comment,145,0.14811,-0.3844,0.5,2,0.712,1.0,77.7,,미확정(진행 중),-3.05,,true,false,0.35,0.089,v0.2
2023Q3,톤업_메이크업베이스,youtube_comment,87,0.09436,,0.0,0,0.631,1.0,71.5,,판정 보류,-3.35,전년 동분기 표본 부족,true,false,0.35,0.089,v0.2
2023Q4,톤업_메이크업베이스,youtube_comment,29,0.03841,,0.0,0,0.654,1.0,49.3,,근거 부족,-8.23,,true,false,0.35,0.089,v0.2
2024Q1,톤업_메이크업베이스,youtube_comment,76,0.10999,,0.333,1,0.741,1.0,72.3,,판정 보류,0.65,전년 동분기 표본 부족,true,false,0.35,0.089,v0.2
2024Q2,톤업_메이크업베이스,youtube_comment,283,0.1589,,0.5,2,0.86,1.0,92.6,,판정 보류,0.14,전년 동분기 표본 부족,true,false,0.35,0.089,v0.2
2024Q3,톤업_메이크업베이스,youtube_comment,120,0.11353,0.1849,0.75,3,0.732,1.0,77.5,82.6,채널 확산,-3.2,,true,true,0.35,0.089,v0.2
2024Q4,톤업_메이크업베이스,youtube_comment,43,0.05012,0.266,0.75,3,0.755,1.0,59.8,78.4,채널 확산,-9.95,,true,true,0.35,0.089,v0.2
2025Q1,톤업_메이크업베이스,youtube_comment,218,0.17566,0.4682,0.75,3,0.761,1.0,83.3,99.0,급상승,-2.08,,true,true,0.35,0.089,v0.2
2025Q2,톤업_메이크업베이스,youtube_comment,338,0.16352,0.0287,0.75,3,0.806,0.9971,94.8,88.0,지속 인기,1.79,,true,true,0.35,0.089,v0.2
2025Q3,톤업_메이크업베이스,youtube_comment,113,0.09528,-0.1753,0.75,3,0.792,1.0,78.1,70.4,지속 인기,-8.12,,true,true,0.35,0.089,v0.2
2025Q4,톤업_메이크업베이스,youtube_comment,53,0.06235,0.2185,0.75,3,0.705,1.0,62.1,75.1,지속 인기,-5.49,,true,true,0.35,0.089,v0.2
2026Q1,톤업_메이크업베이스,youtube_comment,58,0.05882,-1.094,0.5,2,0.667,1.0,58.7,0.0,사라짐,-5.1,,true,true,0.35,0.089,v0.2
2026Q2,톤업_메이크업베이스,youtube_comment,208,0.0934,-0.5601,0.25,1,0.764,1.0,86.4,,판정 보류,-4.55,하락하지만 최고 분기(17.6%)의 절반 이상,true,false,0.35,0.089,v0.2
2026Q3,톤업_메이크업베이스,youtube_comment,89,0.09091,-0.0469,0.0,0,0.654,1.0,69.6,,미확정(진행 중),-4.3,,true,false,0.35,0.089,v0.2
2023Q3,혼합자차,youtube_comment,4,0.00434,,0.0,0,0.0,1.0,32.4,,근거 부족,0.43,,true,false,0.35,0.089,v0.2
2023Q4,혼합자차,youtube_comment,1,0.00132,,0.0,0,0.031,1.0,27.6,,근거 부족,-0.73,,true,false,0.35,0.089,v0.2
2024Q1,혼합자차,youtube_comment,3,0.00434,,0.0,0,0.029,1.0,30.5,,근거 부족,-0.43,,true,false,0.35,0.089,v0.2
2024Q2,혼합자차,youtube_comment,26,0.0146,,0.25,1,0.631,1.0,53.8,,신규 등장,-2.08,,true,true,0.35,0.089,v0.2
2024Q3,혼합자차,youtube_comment,7,0.00662,,0.5,2,0.023,1.0,36.5,,근거 부족,0.03,,true,false,0.35,0.089,v0.2
2024Q4,혼합자차,youtube_comment,1,0.00117,,0.5,2,0.026,1.0,27.3,,근거 부족,-0.67,,true,false,0.35,0.089,v0.2
2025Q1,혼합자차,youtube_comment,5,0.00403,,0.5,2,0.548,1.0,33.7,,근거 부족,-0.79,,true,false,0.35,0.089,v0.2
2025Q2,혼합자차,youtube_comment,35,0.01693,0.1483,0.5,2,0.591,1.0,53.4,46.8,신규 등장,-0.9,,true,true,0.35,0.089,v0.2
2025Q3,혼합자차,youtube_comment,7,0.0059,-0.1152,0.5,2,0.019,1.0,34.2,,근거 부족,0.06,,true,false,0.35,0.089,v0.2
2025Q4,혼합자차,youtube_comment,1,0.00118,,0.5,2,0.023,1.0,27.1,,근거 부족,-0.57,,true,false,0.35,0.089,v0.2
2026Q1,혼합자차,youtube_comment,1,0.00101,,0.5,2,0.0,1.0,26.8,,근거 부족,0.1,,true,false,0.35,0.089,v0.2
2026Q2,혼합자차,youtube_comment,27,0.01212,-0.3341,0.5,2,0.591,1.0,48.3,,근거 부족,-1.57,,true,false,0.35,0.089,v0.2
2026Q3,혼합자차,youtube_comment,9,0.00919,0.4431,0.5,2,0.0,1.0,39.8,,미확정(진행 중),0.92,,true,false,0.35,0.089,v0.2
2023Q3,SPF_PA,youtube_video,15,0.11278,,1.0,1,0.623,1.0,64.0,,판정 보류,-10.52,전년 동분기 표본 부족,true,false,0.35,0.089,v0.2
2023Q4,SPF_PA,youtube_video,17,0.14655,,1.0,2,0.676,1.0,68.4,,판정 보류,-13.33,전년 동분기 표본 부족,true,false,0.35,0.089,v0.2
2024Q1,SPF_PA,youtube_video,12,0.10345,,1.0,3,0.674,1.0,61.7,,판정 보류,-9.48,전년 동분기 표본 부족,true,false,0.35,0.089,v0.2
2024Q2,SPF_PA,youtube_video,19,0.0748,,0.75,3,0.643,1.0,68.3,,판정 보류,-6.64,전년 동분기 표본 부족,true,false,0.35,0.089,v0.2
2024Q3,SPF_PA,youtube_video,15,0.09494,-0.1722,0.75,3,0.529,1.0,59.5,38.9,지속 인기,-7.98,,true,true,0.35,0.089,v0.2
2024Q4,SPF_PA,youtube_video,10,0.07874,-0.6212,0.5,2,0.554,1.0,54.1,,판정 보류,-7.76,하락하지만 최고 분기(14.7%)의 절반 이상,true,false,0.35,0.089,v0.2
2025Q1,SPF_PA,youtube_video,14,0.08333,-0.2162,0.5,2,0.596,1.0,58.1,,판정 보류,-7.85,변화가 tau 이내이나 지속성 부족,true,false,0.35,0.089,v0.2
2025Q2,SPF_PA,youtube_video,24,0.07767,0.0376,0.5,2,0.665,1.0,73.3,,판정 보류,-6.9,변화가 tau 이내이나 지속성 부족,true,false,0.35,0.089,v0.2
2025Q3,SPF_PA,youtube_video,10,0.05348,-0.574,0.25,1,0.58,1.0,51.8,0.0,사라짐,-4.76,,true,true,0.35,0.089,v0.2
2025Q4,SPF_PA,youtube_video,6,0.04138,-0.6434,0.25,1,0.539,1.0,46.1,,근거 부족,-3.79,,true,false,0.35,0.089,v0.2
2026Q1,SPF_PA,youtube_video,14,0.08092,-0.0293,0.25,1,0.553,1.0,57.8,,판정 보류,-7.79,변화가 tau 이내이나 지속성 부족,true,false,0.35,0.089,v0.2
2026Q2,SPF_PA,youtube_video,16,0.04938,-0.4529,0.25,1,0.678,1.0,66.8,13.5,사라짐,-3.5,,true,true,0.35,0.089,v0.2
2026Q3,SPF_PA,youtube_video,4,0.03571,,0.25,1,0.54,1.0,40.8,,미확정(진행 중),-2.75,,true,false,0.35,0.089,v0.2
2023Q3,끈적임_유분감,youtube_video,7,0.05263,,1.0,1,0.613,1.0,49.3,,근거 부족,6.45,,true,false,0.35,0.089,v0.2
2023Q4,끈적임_유분감,youtube_video,3,0.02586,,0.5,1,0.594,1.0,42.0,,근거 부족,4.7,,true,false,0.35,0.089,v0.2
2024Q1,끈적임_유분감,youtube_video,4,0.03448,,0.333,1,0.561,1.0,43.8,,근거 부족,2.92,,true,false,0.35,0.089,v0.2
2024Q2,끈적임_유분감,youtube_video,10,0.03937,,0.5,2,0.654,1.0,56.3,,판정 보류,5.66,전년 동분기 표본 부족,true,false,0.35,0.089,v0.2
2024Q3,끈적임_유분감,youtube_video,5,0.03165,-0.5087,0.25,1,0.571,1.0,45.4,,근거 부족,8.09,,true,false,0.35,0.089,v0.2
2024Q4,끈적임_유분감,youtube_video,2,0.01575,,0.25,1,0.553,1.0,36.3,,근거 부족,5.77,,true,false,0.35,0.089,v0.2
2025Q1,끈적임_유분감,youtube_video,3,0.01786,,0.25,1,0.571,1.0,40.6,,근거 부족,4.9,,true,false,0.35,0.089,v0.2
2025Q2,끈적임_유분감,youtube_video,18,0.05825,0.3918,0.25,1,0.605,1.0,65.5,45.3,단기 피크,3.27,,true,true,0.35,0.089,v0.2
2025Q3,끈적임_유분감,youtube_video,7,0.03743,0.168,0.5,2,0.603,1.0,48.3,,근거 부족,5.62,,true,false,0.35,0.089,v0.2
2025Q4,끈적임_유분감,youtube_video,4,0.02759,,0.5,2,0.541,1.0,42.6,,근거 부족,6.53,,true,false,0.35,0.089,v0.2
2026Q1,끈적임_유분감,youtube_video,5,0.0289,,0.5,2,0.557,1.0,44.6,,근거 부족,5.83,,true,false,0.35,0.089,v0.2
2026Q2,끈적임_유분감,youtube_video,21,0.06481,0.1067,0.5,2,0.629,1.0,70.6,,판정 보류,3.49,변화가 tau 이내이나 지속성 부족,true,false,0.35,0.089,v0.2
2026Q3,끈적임_유분감,youtube_video,8,0.07143,0.6461,0.5,2,0.585,1.0,48.6,,미확정(진행 중),3.48,,true,false,0.35,0.089,v0.2
2023Q3,무기자차,youtube_video,10,0.07519,,0.0,0,0.656,1.0,57.4,,판정 보류,0.61,전년 동분기 표본 부족,true,false,0.35,0.089,v0.2
2023Q4,무기자차,youtube_video,11,0.09483,,0.5,1,0.612,1.0,57.3,,판정 보류,-3.12,전년 동분기 표본 부족,true,false,0.35,0.089,v0.2
2024Q1,무기자차,youtube_video,11,0.09483,,0.667,2,0.68,1.0,60.4,,판정 보류,-0.51,전년 동분기 표본 부족,true,false,0.35,0.089,v0.2
2024Q2,무기자차,youtube_video,31,0.12205,,0.75,3,0.828,1.0,85.8,,판정 보류,-0.02,전년 동분기 표본 부족,true,false,0.35,0.089,v0.2
2024Q3,무기자차,youtube_video,11,0.06962,-0.0769,0.75,3,0.613,1.0,57.5,45.0,지속 인기,-0.62,,true,true,0.35,0.089,v0.2
2024Q4,무기자차,youtube_video,9,0.07087,-0.2913,0.5,2,0.605,1.0,52.1,,판정 보류,-1.84,변화가 tau 이내이나 지속성 부족,true,false,0.35,0.089,v0.2
2025Q1,무기자차,youtube_video,8,0.04762,-0.6888,0.25,1,0.583,1.0,49.8,,근거 부족,2.81,,true,false,0.35,0.089,v0.2
2025Q2,무기자차,youtube_video,23,0.07443,-0.4945,0.0,0,0.71,1.0,74.7,,판정 보류,2.48,하락하지만 최고 분기(12.2%)의 절반 이상,true,false,0.35,0.089,v0.2
2025Q3,무기자차,youtube_video,15,0.08021,0.1416,0.0,0,0.692,1.0,65.7,,판정 보류,-2.12,변화가 tau 이내이나 지속성 부족,true,false,0.35,0.089,v0.2
2025Q4,무기자차,youtube_video,12,0.08276,0.1551,0.25,1,0.658,1.0,60.2,,판정 보류,-3.81,변화가 tau 이내이나 지속성 부족,true,false,0.35,0.089,v0.2
2026Q1,무기자차,youtube_video,10,0.0578,0.1938,0.25,1,0.574,1.0,53.1,,판정 보류,-0.91,변화가 tau 이내이나 지속성 부족,true,false,0.35,0.089,v0.2
2026Q2,무기자차,youtube_video,33,0.10185,0.3136,0.5,2,0.758,1.0,83.1,,판정 보류,2.66,변화가 tau 이내이나 지속성 부족,true,false,0.35,0.089,v0.2
2026Q3,무기자차,youtube_video,12,0.10714,0.2895,0.75,3,0.657,1.0,60.1,,미확정(진행 중),-2.24,,true,false,0.35,0.089,v0.2
2023Q3,밀림_들뜸,youtube_video,1,0.00752,,0.0,0,0.026,1.0,31.2,,근거 부족,0.22,,true,false,0.35,0.089,v0.2
2023Q4,밀림_들뜸,youtube_video,2,0.01724,,0.5,1,0.562,1.0,36.9,,근거 부족,-0.93,,true,false,0.35,0.089,v0.2
2024Q1,밀림_들뜸,youtube_video,2,0.01724,,0.667,2,0.559,1.0,36.7,,근거 부족,0.01,,true,false,0.35,0.089,v0.2
2024Q2,밀림_들뜸,youtube_video,1,0.00394,,0.5,2,0.021,1.0,30.8,,근거 부족,0.73,,true,false,0.35,0.089,v0.2
2024Q3,밀림_들뜸,youtube_video,0,0.0,,0.5,2,0.0,1.0,26.4,,근거 부족,1.32,,true,false,0.35,0.089,v0.2
2024Q4,밀림_들뜸,youtube_video,0,0.0,,0.25,1,0.0,1.0,26.4,,근거 부족,0.7,,true,false,0.35,0.089,v0.2
2025Q1,밀림_들뜸,youtube_video,2,0.0119,,0.25,1,0.548,1.0,36.0,,근거 부족,0.34,,true,false,0.35,0.089,v0.2
2025Q2,밀림_들뜸,youtube_video,3,0.00971,,0.25,1,0.554,1.0,39.5,,근거 부족,0.63,,true,false,0.35,0.089,v0.2
2025Q3,밀림_들뜸,youtube_video,0,0.0,,0.25,1,0.0,1.0,26.4,,근거 부족,1.1,,true,false,0.35,0.089,v0.2
2025Q4,밀림_들뜸,youtube_video,3,0.02069,,0.5,2,0.568,1.0,40.4,,근거 부족,-1.13,,true,false,0.35,0.089,v0.2
2026Q1,밀림_들뜸,youtube_video,2,0.01156,,0.5,2,0.538,1.0,35.4,,근거 부족,0.57,,true,false,0.35,0.089,v0.2
2026Q2,밀림_들뜸,youtube_video,9,0.02778,,0.75,3,0.53,1.0,49.3,,근거 부족,-0.85,,true,false,0.35,0.089,v0.2
2026Q3,밀림_들뜸,youtube_video,0,0.0,,0.75,3,0.0,1.0,26.4,,미확정(진행 중),1.33,,true,false,0.35,0.089,v0.2
2023Q3,발림성,youtube_video,4,0.03008,,0.0,0,0.605,1.0,44.9,,근거 부족,2.52,,true,false,0.35,0.089,v0.2
2023Q4,발림성,youtube_video,3,0.02586,,0.0,0,0.594,1.0,42.0,,근거 부족,0.86,,true,false,0.35,0.089,v0.2
2024Q1,발림성,youtube_video,5,0.0431,,0.0,0,0.598,1.0,47.1,,근거 부족,0.47,,true,false,0.35,0.089,v0.2
2024Q2,발림성,youtube_video,7,0.02756,,0.0,0,0.646,1.0,50.2,,판정 보류,2.63,전년 동분기 표본 부족,true,false,0.35,0.089,v0.2
2024Q3,발림성,youtube_video,7,0.0443,,0.0,0,0.624,1.0,49.6,,근거 부족,0.58,,true,false,0.35,0.089,v0.2
2024Q4,발림성,youtube_video,2,0.01575,,0.0,0,0.553,1.0,36.3,,근거 부족,1.11,,true,false,0.35,0.089,v0.2
2025Q1,발림성,youtube_video,10,0.05952,0.3228,0.25,1,0.707,1.0,59.2,43.8,채널 확산,-0.88,,true,true,0.35,0.089,v0.2
2025Q2,발림성,youtube_video,11,0.0356,0.256,0.25,1,0.617,1.0,56.5,,판정 보류,2.05,변화가 tau 이내이나 지속성 부족,true,false,0.35,0.089,v0.2
2025Q3,발림성,youtube_video,15,0.08021,0.5936,0.5,2,0.568,1.0,59.7,61.1,급상승,-0.85,,true,true,0.35,0.089,v0.2
2025Q4,발림성,youtube_video,8,0.05517,,0.75,3,0.578,1.0,49.4,,근거 부족,1.19,,true,false,0.35,0.089,v0.2
2026Q1,발림성,youtube_video,8,0.04624,-0.2525,0.75,3,0.624,1.0,50.8,35.9,지속 인기,-0.77,,true,true,0.35,0.089,v0.2
2026Q2,발림성,youtube_video,19,0.05864,0.4991,1.0,4,0.63,1.0,66.3,83.0,급상승,-0.43,,true,true,0.35,0.089,v0.2
2026Q3,발림성,youtube_video,5,0.04464,-0.586,1.0,4,0.492,1.0,43.5,,미확정(진행 중),0.13,,true,false,0.35,0.089,v0.2
2023Q3,백탁,youtube_video,0,0.0,,0.0,0,0.0,1.0,26.4,,근거 부족,2.6,,true,false,0.35,0.089,v0.2
2023Q4,백탁,youtube_video,1,0.00862,,0.0,0,0.031,1.0,31.5,,근거 부족,1.12,,true,false,0.35,0.089,v0.2
2024Q1,백탁,youtube_video,0,0.0,,0.0,0,0.0,1.0,26.4,,근거 부족,2.03,,true,false,0.35,0.089,v0.2
2024Q2,백탁,youtube_video,3,0.01181,,0.25,1,0.562,1.0,40.0,,근거 부족,0.67,,true,false,0.35,0.089,v0.2
2024Q3,백탁,youtube_video,2,0.01266,,0.5,2,0.545,1.0,35.9,,근거 부족,0.06,,true,false,0.35,0.089,v0.2
2024Q4,백탁,youtube_video,1,0.00787,,0.5,2,0.026,1.0,31.2,,근거 부족,0.14,,true,false,0.35,0.089,v0.2
2025Q1,백탁,youtube_video,0,0.0,,0.5,2,0.0,1.0,26.4,,근거 부족,1.77,,true,false,0.35,0.089,v0.2
2025Q2,백탁,youtube_video,3,0.00971,,0.5,2,0.495,1.0,38.4,,근거 부족,1.35,,true,false,0.35,0.089,v0.2
2025Q3,백탁,youtube_video,2,0.0107,,0.5,2,0.538,1.0,35.4,,근거 부족,0.53,,true,false,0.35,0.089,v0.2
2025Q4,백탁,youtube_video,0,0.0,,0.5,2,0.0,1.0,26.4,,근거 부족,0.35,,true,false,0.35,0.089,v0.2
2026Q1,백탁,youtube_video,3,0.01734,,0.75,3,0.498,1.0,38.5,,근거 부족,-0.52,,true,false,0.35,0.089,v0.2
2026Q2,백탁,youtube_video,1,0.00309,,0.5,2,0.017,1.0,30.6,,근거 부족,2.25,,true,false,0.35,0.089,v0.2
2026Q3,백탁,youtube_video,2,0.01786,,0.5,2,0.54,1.0,35.5,,미확정(진행 중),4.04,,true,false,0.35,0.089,v0.2
2023Q3,성분_신제품,youtube_video,20,0.15038,,0.0,0,0.64,1.0,72.8,,판정 보류,-2.89,전년 동분기 표본 부족,true,false,0.35,0.089,v0.2
2023Q4,성분_신제품,youtube_video,19,0.16379,,0.5,1,0.703,1.0,72.2,,판정 보류,-1.41,전년 동분기 표본 부족,true,false,0.35,0.089,v0.2
2024Q1,성분_신제품,youtube_video,20,0.17241,,0.667,2,0.606,1.0,69.0,,판정 보류,1.43,전년 동분기 표본 부족,true,false,0.35,0.089,v0.2
2024Q2,성분_신제품,youtube_video,29,0.11417,,0.5,2,0.677,1.0,78.7,,판정 보류,-0.13,전년 동분기 표본 부족,true,false,0.35,0.089,v0.2
2024Q3,성분_신제품,youtube_video,29,0.18354,0.1993,0.75,3,0.683,1.0,78.7,66.0,지속 인기,-2.93,,true,true,0.35,0.089,v0.2
2024Q4,성분_신제품,youtube_video,19,0.14961,-0.0906,0.5,2,0.664,1.0,69.7,,판정 보류,5.32,변화가 tau 이내이나 지속성 부족,true,false,0.35,0.089,v0.2
2025Q1,성분_신제품,youtube_video,32,0.19048,0.0996,0.5,2,0.734,1.0,83.4,54.6,채널 확산,-1.97,,true,true,0.35,0.089,v0.2
2025Q2,성분_신제품,youtube_video,47,0.1521,0.2868,0.5,2,0.815,1.0,90.4,67.5,채널 확산,-4.86,,true,true,0.35,0.089,v0.2
2025Q3,성분_신제품,youtube_video,22,0.11765,-0.4448,0.25,1,0.651,1.0,72.7,,판정 보류,5.6,하락하지만 최고 분기(19.0%)의 절반 이상,true,false,0.35,0.089,v0.2
2025Q4,성분_신제품,youtube_video,21,0.14483,-0.0325,0.25,1,0.729,1.0,75.8,,판정 보류,2.46,변화가 tau 이내이나 지속성 부족,true,false,0.35,0.089,v0.2
2026Q1,성분_신제품,youtube_video,28,0.16185,-0.1629,0.25,1,0.75,1.0,79.9,,판정 보류,3.9,변화가 tau 이내이나 지속성 부족,true,false,0.35,0.089,v0.2
2026Q2,성분_신제품,youtube_video,44,0.1358,-0.1134,0.25,1,0.8,1.0,88.6,,판정 보류,0.88,변화가 tau 이내이나 지속성 부족,true,false,0.35,0.089,v0.2
2026Q3,성분_신제품,youtube_video,19,0.16964,0.366,0.5,2,0.734,1.0,72.8,,미확정(진행 중),-1.95,,true,false,0.35,0.089,v0.2
2023Q3,유기자차,youtube_video,2,0.01504,,0.0,0,0.553,1.0,36.3,,근거 부족,1.64,,true,false,0.35,0.089,v0.2
2023Q4,유기자차,youtube_video,3,0.02586,,0.5,1,0.522,1.0,40.0,,근거 부족,0.72,,true,false,0.35,0.089,v0.2
2024Q1,유기자차,youtube_video,1,0.00862,,0.333,1,0.029,1.0,31.4,,근거 부족,3.19,,true,false,0.35,0.089,v0.2
2024Q2,유기자차,youtube_video,14,0.05512,,0.5,2,0.766,1.0,67.6,,판정 보류,0.72,전년 동분기 표본 부족,true,false,0.35,0.089,v0.2
2024Q3,유기자차,youtube_video,4,0.02532,,0.75,3,0.541,1.0,42.6,,근거 부족,0.49,,true,false,0.35,0.089,v0.2
2024Q4,유기자차,youtube_video,1,0.00787,,0.5,2,0.026,1.0,31.2,,근거 부족,1.43,,true,false,0.35,0.089,v0.2
2025Q1,유기자차,youtube_video,3,0.01786,,0.5,2,0.571,1.0,40.6,,근거 부족,1.92,,true,false,0.35,0.089,v0.2
2025Q2,유기자차,youtube_video,16,0.05178,-0.0625,0.5,2,0.639,1.0,63.9,,판정 보류,-0.39,변화가 tau 이내이나 지속성 부족,true,false,0.35,0.089,v0.2
2025Q3,유기자차,youtube_video,2,0.0107,,0.25,1,0.019,1.0,34.2,,근거 부족,1.38,,true,false,0.35,0.089,v0.2
2025Q4,유기자차,youtube_video,2,0.01379,,0.25,1,0.545,1.0,35.9,,근거 부족,-0.32,,true,false,0.35,0.089,v0.2
2026Q1,유기자차,youtube_video,2,0.01156,,0.25,1,0.538,1.0,35.4,,근거 부족,1.38,,true,false,0.35,0.089,v0.2
2026Q2,유기자차,youtube_video,16,0.04938,-0.0474,0.25,1,0.628,1.0,63.6,,판정 보류,2.7,변화가 tau 이내이나 지속성 부족,true,false,0.35,0.089,v0.2
2026Q3,유기자차,youtube_video,4,0.03571,,0.5,2,0.533,1.0,42.1,,미확정(진행 중),-0.1,,true,false,0.35,0.089,v0.2
2023Q3,자극_눈시림,youtube_video,9,0.06767,,0.0,0,0.626,1.0,53.8,,판정 보류,13.51,전년 동분기 표본 부족,true,false,0.35,0.089,v0.2
2023Q4,자극_눈시림,youtube_video,4,0.03448,,0.0,0,0.567,1.0,44.2,,근거 부족,15.1,,true,false,0.35,0.089,v0.2
2024Q1,자극_눈시림,youtube_video,10,0.08621,,0.0,0,0.677,1.0,58.7,,판정 보류,5.42,전년 동분기 표본 부족,true,false,0.35,0.089,v0.2
2024Q2,자극_눈시림,youtube_video,24,0.09449,,0.25,1,0.684,1.0,74.0,,판정 보류,2.51,전년 동분기 표본 부족,true,false,0.35,0.089,v0.2
2024Q3,자극_눈시림,youtube_video,8,0.05063,-0.29,0.25,1,0.62,1.0,50.9,,판정 보류,9.13,변화가 tau 이내이나 지속성 부족,true,false,0.35,0.089,v0.2
2024Q4,자극_눈시림,youtube_video,14,0.11024,,0.5,2,0.582,1.0,58.9,,판정 보류,5.64,전년 동분기 표본 부족,true,false,0.35,0.089,v0.2
2025Q1,자극_눈시림,youtube_video,12,0.07143,-0.1881,0.5,2,0.677,1.0,60.7,,판정 보류,7.85,변화가 tau 이내이나 지속성 부족,true,false,0.35,0.089,v0.2
2025Q2,자극_눈시림,youtube_video,28,0.09061,-0.0419,0.25,1,0.73,1.0,77.5,,판정 보류,6.66,변화가 tau 이내이나 지속성 부족,true,false,0.35,0.089,v0.2
2025Q3,자극_눈시림,youtube_video,23,0.12299,0.8875,0.5,2,0.743,1.0,78.2,85.5,급상승,6.17,,true,true,0.35,0.089,v0.2
2025Q4,자극_눈시림,youtube_video,15,0.10345,-0.0636,0.5,2,0.755,1.0,69.5,43.8,채널 확산,12.13,,true,true,0.35,0.089,v0.2
2026Q1,자극_눈시림,youtube_video,28,0.16185,0.818,0.75,3,0.732,1.0,78.7,93.2,급상승,3.39,,true,true,0.35,0.089,v0.2
2026Q2,자극_눈시림,youtube_video,23,0.07099,-0.2441,0.75,3,0.673,1.0,74.2,45.9,지속 인기,5.29,,true,true,0.35,0.089,v0.2
2026Q3,자극_눈시림,youtube_video,13,0.11607,-0.0579,0.75,3,0.642,1.0,61.0,,미확정(진행 중),9.13,,true,false,0.35,0.089,v0.2
2023Q3,지속력_워터프루프,youtube_video,12,0.09023,,0.0,0,0.633,1.0,60.3,,판정 보류,-5.44,전년 동분기 표본 부족,true,false,0.35,0.089,v0.2
2023Q4,지속력_워터프루프,youtube_video,9,0.07759,,0.0,0,0.629,1.0,55.6,,판정 보류,-6.17,전년 동분기 표본 부족,true,false,0.35,0.089,v0.2
2024Q1,지속력_워터프루프,youtube_video,10,0.08621,,0.0,0,0.677,1.0,58.7,,판정 보류,-3.99,전년 동분기 표본 부족,true,false,0.35,0.089,v0.2
2024Q2,지속력_워터프루프,youtube_video,22,0.08661,,0.0,0,0.761,1.0,77.7,,판정 보류,-4.84,전년 동분기 표본 부족,true,false,0.35,0.089,v0.2
2024Q3,지속력_워터프루프,youtube_video,19,0.12025,0.2873,0.25,1,0.649,1.0,69.4,,판정 보류,-5.97,변화가 tau 이내이나 지속성 부족,true,false,0.35,0.089,v0.2
2024Q4,지속력_워터프루프,youtube_video,15,0.11811,0.4202,0.5,2,0.666,1.0,65.6,59.3,급상승,-9.13,,true,true,0.35,0.089,v0.2
2025Q1,지속력_워터프루프,youtube_video,17,0.10119,0.1603,0.75,3,0.678,1.0,68.2,60.7,지속 인기,-6.09,,true,true,0.35,0.089,v0.2
2025Q2,지속력_워터프루프,youtube_video,28,0.09061,0.0452,1.0,4,0.76,1.0,79.7,73.4,지속 인기,-4.08,,true,true,0.35,0.089,v0.2
2025Q3,지속력_워터프루프,youtube_video,21,0.1123,-0.0684,1.0,4,0.736,1.0,75.6,66.5,지속 인기,-7.1,,true,true,0.35,0.089,v0.2
2025Q4,지속력_워터프루프,youtube_video,15,0.10345,-0.1325,1.0,4,0.718,1.0,68.1,60.7,지속 인기,-8.11,,true,true,0.35,0.089,v0.2
2026Q1,지속력_워터프루프,youtube_video,14,0.08092,-0.2235,0.75,3,0.613,1.0,60.2,39.9,지속 인기,-5.15,,true,true,0.35,0.089,v0.2
2026Q2,지속력_워터프루프,youtube_video,29,0.08951,-0.0123,0.5,2,0.679,1.0,77.1,,판정 보류,-4.33,변화가 tau 이내이나 지속성 부족,true,false,0.35,0.089,v0.2
2026Q3,지속력_워터프루프,youtube_video,10,0.08929,-0.2293,0.25,1,0.647,1.0,55.8,,미확정(진행 중),-4.64,,true,false,0.35,0.089,v0.2
2023Q3,촉촉함_건조함,youtube_video,36,0.27068,,1.0,1,0.792,1.0,87.3,,판정 보류,-5.81,전년 동분기 표본 부족,true,false,0.35,0.089,v0.2
2023Q4,촉촉함_건조함,youtube_video,29,0.25,,1.0,2,0.851,1.0,88.4,,판정 보류,11.42,전년 동분기 표본 부족,true,false,0.35,0.089,v0.2
2024Q1,촉촉함_건조함,youtube_video,28,0.24138,,1.0,3,0.811,1.0,83.9,,판정 보류,-1.71,전년 동분기 표본 부족,true,false,0.35,0.089,v0.2
2024Q2,촉촉함_건조함,youtube_video,45,0.17717,,0.75,3,0.882,1.0,93.6,,판정 보류,0.64,전년 동분기 표본 부족,true,false,0.35,0.089,v0.2
2024Q3,촉촉함_건조함,youtube_video,34,0.21519,-0.2294,0.5,2,0.795,1.0,88.1,,판정 보류,1.0,변화가 tau 이내이나 지속성 부족,true,false,0.35,0.089,v0.2
2024Q4,촉촉함_건조함,youtube_video,34,0.26772,0.0685,0.5,2,0.85,1.0,90.1,,판정 보류,9.24,변화가 tau 이내이나 지속성 부족,true,false,0.35,0.089,v0.2
2025Q1,촉촉함_건조함,youtube_video,32,0.19048,-0.2368,0.25,1,0.771,1.0,83.4,,판정 보류,0.05,변화가 tau 이내이나 지속성 부족,true,false,0.35,0.089,v0.2
2025Q2,촉촉함_건조함,youtube_video,55,0.17799,0.0047,0.25,1,0.839,1.0,91.8,,판정 보류,-1.11,변화가 tau 이내이나 지속성 부족,true,false,0.35,0.089,v0.2
2025Q3,촉촉함_건조함,youtube_video,36,0.19251,-0.1114,0.25,1,0.813,1.0,87.5,,판정 보류,2.5,변화가 tau 이내이나 지속성 부족,true,false,0.35,0.089,v0.2
2025Q4,촉촉함_건조함,youtube_video,41,0.28276,0.0547,0.25,1,0.847,1.0,91.0,,판정 보류,0.55,변화가 tau 이내이나 지속성 부족,true,false,0.35,0.089,v0.2
2026Q1,촉촉함_건조함,youtube_video,40,0.23121,0.1938,0.5,2,0.855,1.0,90.5,,판정 보류,5.07,변화가 tau 이내이나 지속성 부족,true,false,0.35,0.089,v0.2
2026Q2,촉촉함_건조함,youtube_video,59,0.1821,0.0228,0.5,2,0.813,1.0,91.2,,판정 보류,-2.05,변화가 tau 이내이나 지속성 부족,true,false,0.35,0.089,v0.2
2026Q3,촉촉함_건조함,youtube_video,20,0.17857,-0.0752,0.5,2,0.712,1.0,73.0,,미확정(진행 중),-3.05,,true,false,0.35,0.089,v0.2
2023Q3,톤업_메이크업베이스,youtube_video,17,0.12782,,0.0,0,0.631,1.0,64.6,,판정 보류,-3.35,전년 동분기 표본 부족,true,false,0.35,0.089,v0.2
2023Q4,톤업_메이크업베이스,youtube_video,14,0.12069,,0.0,0,0.654,1.0,62.3,,판정 보류,-8.23,전년 동분기 표본 부족,true,false,0.35,0.089,v0.2
2024Q1,톤업_메이크업베이스,youtube_video,12,0.10345,,0.0,0,0.741,1.0,65.4,,판정 보류,0.65,전년 동분기 표본 부족,true,false,0.35,0.089,v0.2
2024Q2,톤업_메이크업베이스,youtube_video,40,0.15748,,0.25,1,0.86,1.0,91.2,,판정 보류,0.14,전년 동분기 표본 부족,true,false,0.35,0.089,v0.2
2024Q3,톤업_메이크업베이스,youtube_video,23,0.14557,0.13,0.5,2,0.732,1.0,77.3,53.7,채널 확산,-3.2,,true,true,0.35,0.089,v0.2
2024Q4,톤업_메이크업베이스,youtube_video,19,0.14961,0.2148,0.75,3,0.755,1.0,74.7,67.8,채널 확산,-9.95,,true,true,0.35,0.089,v0.2
2025Q1,톤업_메이크업베이스,youtube_video,33,0.19643,0.6412,1.0,4,0.761,1.0,85.6,100.0,급상승,-2.08,,true,true,0.35,0.089,v0.2
2025Q2,톤업_메이크업베이스,youtube_video,45,0.14563,-0.0782,1.0,4,0.806,1.0,89.9,73.4,지속 인기,1.79,,true,true,0.35,0.089,v0.2
2025Q3,톤업_메이크업베이스,youtube_video,33,0.17647,0.1925,1.0,4,0.792,1.0,85.2,82.5,지속 인기,-8.12,,true,true,0.35,0.089,v0.2
2025Q4,톤업_메이크업베이스,youtube_video,17,0.11724,-0.2438,0.75,3,0.705,1.0,69.0,45.2,지속 인기,-5.49,,true,true,0.35,0.089,v0.2
2026Q1,톤업_메이크업베이스,youtube_video,19,0.10983,-0.5814,0.5,2,0.667,1.0,68.6,,판정 보류,-5.1,하락하지만 최고 분기(19.6%)의 절반 이상,true,false,0.35,0.089,v0.2
2026Q2,톤업_메이크업베이스,youtube_video,45,0.13889,-0.0474,0.25,1,0.764,1.0,87.0,,판정 보류,-4.55,변화가 tau 이내이나 지속성 부족,true,false,0.35,0.089,v0.2
2026Q3,톤업_메이크업베이스,youtube_video,15,0.13393,-0.2758,0.0,0,0.654,1.0,63.7,,미확정(진행 중),-4.3,,true,false,0.35,0.089,v0.2
2023Q3,혼합자차,youtube_video,0,0.0,,0.0,0,0.0,1.0,26.4,,근거 부족,0.43,,true,false,0.35,0.089,v0.2
2023Q4,혼합자차,youtube_video,1,0.00862,,0.5,1,0.031,1.0,31.5,,근거 부족,-0.73,,true,false,0.35,0.089,v0.2
2024Q1,혼합자차,youtube_video,1,0.00862,,0.667,2,0.029,1.0,31.4,,근거 부족,-0.43,,true,false,0.35,0.089,v0.2
2024Q2,혼합자차,youtube_video,9,0.03543,,0.75,3,0.631,1.0,53.0,,신규 등장,-2.08,,true,true,0.35,0.089,v0.2
2024Q3,혼합자차,youtube_video,1,0.00633,,0.75,3,0.023,1.0,31.0,,근거 부족,0.03,,true,false,0.35,0.089,v0.2
2024Q4,혼합자차,youtube_video,1,0.00787,,0.5,2,0.026,1.0,31.2,,근거 부족,-0.67,,true,false,0.35,0.089,v0.2
2025Q1,혼합자차,youtube_video,2,0.0119,,0.5,2,0.548,1.0,36.0,,근거 부족,-0.79,,true,false,0.35,0.089,v0.2
2025Q2,혼합자차,youtube_video,8,0.02589,-0.3138,0.5,2,0.591,1.0,49.0,,근거 부족,-0.9,,true,false,0.35,0.089,v0.2
2025Q3,혼합자차,youtube_video,1,0.00535,,0.5,2,0.019,1.0,30.7,,근거 부족,0.06,,true,false,0.35,0.089,v0.2
2025Q4,혼합자차,youtube_video,1,0.0069,,0.5,2,0.023,1.0,31.0,,근거 부족,-0.57,,true,false,0.35,0.089,v0.2
2026Q1,혼합자차,youtube_video,0,0.0,,0.25,1,0.0,1.0,26.4,,근거 부족,0.1,,true,false,0.35,0.089,v0.2
2026Q2,혼합자차,youtube_video,9,0.02778,0.0704,0.25,1,0.591,1.0,51.4,26.7,신규 등장,-1.57,,true,true,0.35,0.089,v0.2
2026Q3,혼합자차,youtube_video,0,0.0,,0.25,1,0.0,1.0,26.4,,미확정(진행 중),0.92,,true,false,0.35,0.089,v0.2
