quarter,category,topic_id,source,content_type,document_count,quarter_documents,quarter_mentions,composition,velocity_yoy,persistence,persistence_count,window_quarters,unique_ratio,channel_count,panel_channels,channel_diffusion,sample_ok,metric_version
2023Q3,선크림,백탁,youtube_video,long_form,0,66,133,0.0,,0.0,0,1,1.0,0,19,0.0,False,v0.2
2023Q4,선크림,백탁,youtube_video,long_form,1,48,116,0.00862,,0.0,0,2,1.0,1,16,0.031,False,v0.2
2024Q1,선크림,백탁,youtube_video,long_form,0,50,116,0.0,,0.0,0,3,1.0,0,17,0.0,False,v0.2
2024Q2,선크림,백탁,youtube_video,long_form,3,86,254,0.01181,,0.25,1,4,1.0,3,24,0.562,False,v0.2
2024Q3,선크림,백탁,youtube_video,long_form,2,71,158,0.01266,,0.5,2,4,1.0,2,22,0.545,False,v0.2
2024Q4,선크림,백탁,youtube_video,long_form,1,59,127,0.00787,,0.5,2,4,1.0,1,19,0.026,False,v0.2
2025Q1,선크림,백탁,youtube_video,long_form,0,60,168,0.0,,0.5,2,4,1.0,0,21,0.0,False,v0.2
2025Q2,선크림,백탁,youtube_video,long_form,3,121,309,0.00971,,0.5,2,4,1.0,2,28,0.495,False,v0.2
2025Q3,선크림,백탁,youtube_video,long_form,2,84,187,0.0107,,0.5,2,4,1.0,2,26,0.538,False,v0.2
2025Q4,선크림,백탁,youtube_video,long_form,0,59,145,0.0,,0.5,2,4,1.0,0,22,0.0,False,v0.2
2026Q1,선크림,백탁,youtube_video,long_form,3,76,173,0.01734,,0.75,3,4,1.0,2,26,0.498,False,v0.2
2026Q2,선크림,백탁,youtube_video,long_form,1,119,324,0.00309,,0.5,2,4,1.0,1,29,0.017,False,v0.2
2026Q3,선크림,백탁,youtube_video,long_form,2,65,112,0.01786,,0.5,2,4,1.0,2,25,0.54,False,v0.2
2023Q3,선크림,자극_눈시림,youtube_video,long_form,9,66,133,0.06767,,0.0,0,1,1.0,6,19,0.626,True,v0.2
2023Q4,선크림,자극_눈시림,youtube_video,long_form,4,48,116,0.03448,,0.0,0,2,1.0,3,16,0.567,False,v0.2
2024Q1,선크림,자극_눈시림,youtube_video,long_form,10,50,116,0.08621,,0.0,0,3,1.0,7,17,0.677,True,v0.2
2024Q2,선크림,자극_눈시림,youtube_video,long_form,24,86,254,0.09449,,0.25,1,4,1.0,10,24,0.684,True,v0.2
2024Q3,선크림,자극_눈시림,youtube_video,long_form,8,71,158,0.05063,-0.29,0.25,1,4,1.0,6,22,0.62,True,v0.2
2024Q4,선크림,자극_눈시림,youtube_video,long_form,14,59,127,0.11024,,0.5,2,4,1.0,5,19,0.582,True,v0.2
2025Q1,선크림,자극_눈시림,youtube_video,long_form,12,60,168,0.07143,-0.1881,0.5,2,4,1.0,8,21,0.677,True,v0.2
2025Q2,선크림,자극_눈시림,youtube_video,long_form,28,121,309,0.09061,-0.0419,0.25,1,4,1.0,14,28,0.73,True,v0.2
2025Q3,선크림,자극_눈시림,youtube_video,long_form,23,84,187,0.12299,0.8875,0.5,2,4,1.0,15,26,0.743,True,v0.2
2025Q4,선크림,자극_눈시림,youtube_video,long_form,15,59,145,0.10345,-0.0636,0.5,2,4,1.0,12,22,0.755,True,v0.2
2026Q1,선크림,자극_눈시림,youtube_video,long_form,28,76,173,0.16185,0.818,0.75,3,4,1.0,14,26,0.732,True,v0.2
2026Q2,선크림,자극_눈시림,youtube_video,long_form,23,119,324,0.07099,-0.2441,0.75,3,4,1.0,13,29,0.673,True,v0.2
2026Q3,선크림,자극_눈시림,youtube_video,long_form,13,65,112,0.11607,-0.0579,0.75,3,4,1.0,9,25,0.642,True,v0.2
2023Q3,선크림,발림성,youtube_video,long_form,4,66,133,0.03008,,0.0,0,1,1.0,4,19,0.605,False,v0.2
2023Q4,선크림,발림성,youtube_video,long_form,3,48,116,0.02586,,0.0,0,2,1.0,3,16,0.594,False,v0.2
2024Q1,선크림,발림성,youtube_video,long_form,5,50,116,0.0431,,0.0,0,3,1.0,4,17,0.598,True,v0.2
2024Q2,선크림,발림성,youtube_video,long_form,7,86,254,0.02756,,0.0,0,4,1.0,7,24,0.646,True,v0.2
2024Q3,선크림,발림성,youtube_video,long_form,7,71,158,0.0443,,0.0,0,4,1.0,6,22,0.624,True,v0.2
2024Q4,선크림,발림성,youtube_video,long_form,2,59,127,0.01575,,0.0,0,4,1.0,2,19,0.553,False,v0.2
2025Q1,선크림,발림성,youtube_video,long_form,10,60,168,0.05952,0.3228,0.25,1,4,1.0,9,21,0.707,True,v0.2
2025Q2,선크림,발림성,youtube_video,long_form,11,121,309,0.0356,0.256,0.25,1,4,1.0,8,28,0.617,True,v0.2
2025Q3,선크림,발림성,youtube_video,long_form,15,84,187,0.08021,0.5936,0.5,2,4,1.0,6,26,0.568,True,v0.2
2025Q4,선크림,발림성,youtube_video,long_form,8,59,145,0.05517,,0.75,3,4,1.0,5,22,0.578,True,v0.2
2026Q1,선크림,발림성,youtube_video,long_form,8,76,173,0.04624,-0.2525,0.75,3,4,1.0,7,26,0.624,True,v0.2
2026Q2,선크림,발림성,youtube_video,long_form,19,119,324,0.05864,0.4991,1.0,4,4,1.0,9,29,0.63,True,v0.2
2026Q3,선크림,발림성,youtube_video,long_form,5,65,112,0.04464,-0.586,1.0,4,4,1.0,3,25,0.492,True,v0.2
2023Q3,선크림,촉촉함_건조함,youtube_video,long_form,36,66,133,0.27068,,1.0,1,1,1.0,13,19,0.792,True,v0.2
2023Q4,선크림,촉촉함_건조함,youtube_video,long_form,29,48,116,0.25,,1.0,2,2,1.0,13,16,0.851,True,v0.2
2024Q1,선크림,촉촉함_건조함,youtube_video,long_form,28,50,116,0.24138,,1.0,3,3,1.0,12,17,0.811,True,v0.2
2024Q2,선크림,촉촉함_건조함,youtube_video,long_form,45,86,254,0.17717,,0.75,3,4,1.0,20,24,0.882,True,v0.2
2024Q3,선크림,촉촉함_건조함,youtube_video,long_form,34,71,158,0.21519,-0.2294,0.5,2,4,1.0,16,22,0.795,True,v0.2
2024Q4,선크림,촉촉함_건조함,youtube_video,long_form,34,59,127,0.26772,0.0685,0.5,2,4,1.0,15,19,0.85,True,v0.2
2025Q1,선크림,촉촉함_건조함,youtube_video,long_form,32,60,168,0.19048,-0.2368,0.25,1,4,1.0,13,21,0.771,True,v0.2
2025Q2,선크림,촉촉함_건조함,youtube_video,long_form,55,121,309,0.17799,0.0047,0.25,1,4,1.0,21,28,0.839,True,v0.2
2025Q3,선크림,촉촉함_건조함,youtube_video,long_form,36,84,187,0.19251,-0.1114,0.25,1,4,1.0,18,26,0.813,True,v0.2
2025Q4,선크림,촉촉함_건조함,youtube_video,long_form,41,59,145,0.28276,0.0547,0.25,1,4,1.0,17,22,0.847,True,v0.2
2026Q1,선크림,촉촉함_건조함,youtube_video,long_form,40,76,173,0.23121,0.1938,0.5,2,4,1.0,20,26,0.855,True,v0.2
2026Q2,선크림,촉촉함_건조함,youtube_video,long_form,59,119,324,0.1821,0.0228,0.5,2,4,1.0,21,29,0.813,True,v0.2
2026Q3,선크림,촉촉함_건조함,youtube_video,long_form,20,65,112,0.17857,-0.0752,0.5,2,4,1.0,12,25,0.712,True,v0.2
2023Q3,선크림,끈적임_유분감,youtube_video,long_form,7,66,133,0.05263,,1.0,1,1,1.0,5,19,0.613,True,v0.2
2023Q4,선크림,끈적임_유분감,youtube_video,long_form,3,48,116,0.02586,,0.5,1,2,1.0,3,16,0.594,False,v0.2
2024Q1,선크림,끈적임_유분감,youtube_video,long_form,4,50,116,0.03448,,0.333,1,3,1.0,3,17,0.561,False,v0.2
2024Q2,선크림,끈적임_유분감,youtube_video,long_form,10,86,254,0.03937,,0.5,2,4,1.0,8,24,0.654,True,v0.2
2024Q3,선크림,끈적임_유분감,youtube_video,long_form,5,71,158,0.03165,-0.5087,0.25,1,4,1.0,4,22,0.571,True,v0.2
2024Q4,선크림,끈적임_유분감,youtube_video,long_form,2,59,127,0.01575,,0.25,1,4,1.0,2,19,0.553,False,v0.2
2025Q1,선크림,끈적임_유분감,youtube_video,long_form,3,60,168,0.01786,,0.25,1,4,1.0,3,21,0.571,False,v0.2
2025Q2,선크림,끈적임_유분감,youtube_video,long_form,18,121,309,0.05825,0.3918,0.25,1,4,1.0,9,28,0.605,True,v0.2
2025Q3,선크림,끈적임_유분감,youtube_video,long_form,7,84,187,0.03743,0.168,0.5,2,4,1.0,6,26,0.603,True,v0.2
2025Q4,선크림,끈적임_유분감,youtube_video,long_form,4,59,145,0.02759,,0.5,2,4,1.0,3,22,0.541,False,v0.2
2026Q1,선크림,끈적임_유분감,youtube_video,long_form,5,76,173,0.0289,,0.5,2,4,1.0,4,26,0.557,True,v0.2
2026Q2,선크림,끈적임_유분감,youtube_video,long_form,21,119,324,0.06481,0.1067,0.5,2,4,1.0,11,29,0.629,True,v0.2
2026Q3,선크림,끈적임_유분감,youtube_video,long_form,8,65,112,0.07143,0.6461,0.5,2,4,1.0,5,25,0.585,True,v0.2
2023Q3,선크림,밀림_들뜸,youtube_video,long_form,1,66,133,0.00752,,0.0,0,1,1.0,1,19,0.026,False,v0.2
2023Q4,선크림,밀림_들뜸,youtube_video,long_form,2,48,116,0.01724,,0.5,1,2,1.0,2,16,0.562,False,v0.2
2024Q1,선크림,밀림_들뜸,youtube_video,long_form,2,50,116,0.01724,,0.667,2,3,1.0,2,17,0.559,False,v0.2
2024Q2,선크림,밀림_들뜸,youtube_video,long_form,1,86,254,0.00394,,0.5,2,4,1.0,1,24,0.021,False,v0.2
2024Q3,선크림,밀림_들뜸,youtube_video,long_form,0,71,158,0.0,,0.5,2,4,1.0,0,22,0.0,False,v0.2
2024Q4,선크림,밀림_들뜸,youtube_video,long_form,0,59,127,0.0,,0.25,1,4,1.0,0,19,0.0,False,v0.2
2025Q1,선크림,밀림_들뜸,youtube_video,long_form,2,60,168,0.0119,,0.25,1,4,1.0,2,21,0.548,False,v0.2
2025Q2,선크림,밀림_들뜸,youtube_video,long_form,3,121,309,0.00971,,0.25,1,4,1.0,3,28,0.554,False,v0.2
2025Q3,선크림,밀림_들뜸,youtube_video,long_form,0,84,187,0.0,,0.25,1,4,1.0,0,26,0.0,False,v0.2
2025Q4,선크림,밀림_들뜸,youtube_video,long_form,3,59,145,0.02069,,0.5,2,4,1.0,3,22,0.568,False,v0.2
2026Q1,선크림,밀림_들뜸,youtube_video,long_form,2,76,173,0.01156,,0.5,2,4,1.0,2,26,0.538,False,v0.2
2026Q2,선크림,밀림_들뜸,youtube_video,long_form,9,119,324,0.02778,,0.75,3,4,1.0,5,29,0.53,True,v0.2
2026Q3,선크림,밀림_들뜸,youtube_video,long_form,0,65,112,0.0,,0.75,3,4,1.0,0,25,0.0,False,v0.2
2023Q3,선크림,지속력_워터프루프,youtube_video,long_form,12,66,133,0.09023,,0.0,0,1,1.0,7,19,0.633,True,v0.2
2023Q4,선크림,지속력_워터프루프,youtube_video,long_form,9,48,116,0.07759,,0.0,0,2,1.0,6,16,0.629,True,v0.2
2024Q1,선크림,지속력_워터프루프,youtube_video,long_form,10,50,116,0.08621,,0.0,0,3,1.0,7,17,0.677,True,v0.2
2024Q2,선크림,지속력_워터프루프,youtube_video,long_form,22,86,254,0.08661,,0.0,0,4,1.0,14,24,0.761,True,v0.2
2024Q3,선크림,지속력_워터프루프,youtube_video,long_form,19,71,158,0.12025,0.2873,0.25,1,4,1.0,9,22,0.649,True,v0.2
2024Q4,선크림,지속력_워터프루프,youtube_video,long_form,15,59,127,0.11811,0.4202,0.5,2,4,1.0,8,19,0.666,True,v0.2
2025Q1,선크림,지속력_워터프루프,youtube_video,long_form,17,60,168,0.10119,0.1603,0.75,3,4,1.0,9,21,0.678,True,v0.2
2025Q2,선크림,지속력_워터프루프,youtube_video,long_form,28,121,309,0.09061,0.0452,1.0,4,4,1.0,16,28,0.76,True,v0.2
2025Q3,선크림,지속력_워터프루프,youtube_video,long_form,21,84,187,0.1123,-0.0684,1.0,4,4,1.0,14,26,0.736,True,v0.2
2025Q4,선크림,지속력_워터프루프,youtube_video,long_form,15,59,145,0.10345,-0.1325,1.0,4,4,1.0,11,22,0.718,True,v0.2
2026Q1,선크림,지속력_워터프루프,youtube_video,long_form,14,76,173,0.08092,-0.2235,0.75,3,4,1.0,8,26,0.613,True,v0.2
2026Q2,선크림,지속력_워터프루프,youtube_video,long_form,29,119,324,0.08951,-0.0123,0.5,2,4,1.0,13,29,0.679,True,v0.2
2026Q3,선크림,지속력_워터프루프,youtube_video,long_form,10,65,112,0.08929,-0.2293,0.25,1,4,1.0,8,25,0.647,True,v0.2
2023Q3,선크림,톤업_메이크업베이스,youtube_video,long_form,17,66,133,0.12782,,0.0,0,1,1.0,6,19,0.631,True,v0.2
2023Q4,선크림,톤업_메이크업베이스,youtube_video,long_form,14,48,116,0.12069,,0.0,0,2,1.0,6,16,0.654,True,v0.2
2024Q1,선크림,톤업_메이크업베이스,youtube_video,long_form,12,50,116,0.10345,,0.0,0,3,1.0,9,17,0.741,True,v0.2
2024Q2,선크림,톤업_메이크업베이스,youtube_video,long_form,40,86,254,0.15748,,0.25,1,4,1.0,19,24,0.86,True,v0.2
2024Q3,선크림,톤업_메이크업베이스,youtube_video,long_form,23,71,158,0.14557,0.13,0.5,2,4,1.0,12,22,0.732,True,v0.2
2024Q4,선크림,톤업_메이크업베이스,youtube_video,long_form,19,59,127,0.14961,0.2148,0.75,3,4,1.0,11,19,0.755,True,v0.2
2025Q1,선크림,톤업_메이크업베이스,youtube_video,long_form,33,60,168,0.19643,0.6412,1.0,4,4,1.0,14,21,0.761,True,v0.2
2025Q2,선크림,톤업_메이크업베이스,youtube_video,long_form,45,121,309,0.14563,-0.0782,1.0,4,4,1.0,20,28,0.806,True,v0.2
2025Q3,선크림,톤업_메이크업베이스,youtube_video,long_form,33,84,187,0.17647,0.1925,1.0,4,4,1.0,17,26,0.792,True,v0.2
2025Q4,선크림,톤업_메이크업베이스,youtube_video,long_form,17,59,145,0.11724,-0.2438,0.75,3,4,1.0,10,22,0.705,True,v0.2
2026Q1,선크림,톤업_메이크업베이스,youtube_video,long_form,19,76,173,0.10983,-0.5814,0.5,2,4,1.0,10,26,0.667,True,v0.2
2026Q2,선크림,톤업_메이크업베이스,youtube_video,long_form,45,119,324,0.13889,-0.0474,0.25,1,4,1.0,18,29,0.764,True,v0.2
2026Q3,선크림,톤업_메이크업베이스,youtube_video,long_form,15,65,112,0.13393,-0.2758,0.0,0,4,1.0,9,25,0.654,True,v0.2
2023Q3,선크림,무기자차,youtube_video,long_form,10,66,133,0.07519,,0.0,0,1,1.0,7,19,0.656,True,v0.2
2023Q4,선크림,무기자차,youtube_video,long_form,11,48,116,0.09483,,0.5,1,2,1.0,5,16,0.612,True,v0.2
2024Q1,선크림,무기자차,youtube_video,long_form,11,50,116,0.09483,,0.667,2,3,1.0,7,17,0.68,True,v0.2
2024Q2,선크림,무기자차,youtube_video,long_form,31,86,254,0.12205,,0.75,3,4,1.0,17,24,0.828,True,v0.2
2024Q3,선크림,무기자차,youtube_video,long_form,11,71,158,0.06962,-0.0769,0.75,3,4,1.0,7,22,0.613,True,v0.2
2024Q4,선크림,무기자차,youtube_video,long_form,9,59,127,0.07087,-0.2913,0.5,2,4,1.0,5,19,0.605,True,v0.2
2025Q1,선크림,무기자차,youtube_video,long_form,8,60,168,0.04762,-0.6888,0.25,1,4,1.0,5,21,0.583,True,v0.2
2025Q2,선크림,무기자차,youtube_video,long_form,23,121,309,0.07443,-0.4945,0.0,0,4,1.0,13,28,0.71,True,v0.2
2025Q3,선크림,무기자차,youtube_video,long_form,15,84,187,0.08021,0.1416,0.0,0,4,1.0,11,26,0.692,True,v0.2
2025Q4,선크림,무기자차,youtube_video,long_form,12,59,145,0.08276,0.1551,0.25,1,4,1.0,8,22,0.658,True,v0.2
2026Q1,선크림,무기자차,youtube_video,long_form,10,76,173,0.0578,0.1938,0.25,1,4,1.0,6,26,0.574,True,v0.2
2026Q2,선크림,무기자차,youtube_video,long_form,33,119,324,0.10185,0.3136,0.5,2,4,1.0,17,29,0.758,True,v0.2
2026Q3,선크림,무기자차,youtube_video,long_form,12,65,112,0.10714,0.2895,0.75,3,4,1.0,9,25,0.657,True,v0.2
2023Q3,선크림,유기자차,youtube_video,long_form,2,66,133,0.01504,,0.0,0,1,1.0,2,19,0.553,False,v0.2
2023Q4,선크림,유기자차,youtube_video,long_form,3,48,116,0.02586,,0.5,1,2,1.0,2,16,0.522,False,v0.2
2024Q1,선크림,유기자차,youtube_video,long_form,1,50,116,0.00862,,0.333,1,3,1.0,1,17,0.029,False,v0.2
2024Q2,선크림,유기자차,youtube_video,long_form,14,86,254,0.05512,,0.5,2,4,1.0,13,24,0.766,True,v0.2
2024Q3,선크림,유기자차,youtube_video,long_form,4,71,158,0.02532,,0.75,3,4,1.0,3,22,0.541,False,v0.2
2024Q4,선크림,유기자차,youtube_video,long_form,1,59,127,0.00787,,0.5,2,4,1.0,1,19,0.026,False,v0.2
2025Q1,선크림,유기자차,youtube_video,long_form,3,60,168,0.01786,,0.5,2,4,1.0,3,21,0.571,False,v0.2
2025Q2,선크림,유기자차,youtube_video,long_form,16,121,309,0.05178,-0.0625,0.5,2,4,1.0,9,28,0.639,True,v0.2
2025Q3,선크림,유기자차,youtube_video,long_form,2,84,187,0.0107,,0.25,1,4,1.0,1,26,0.019,False,v0.2
2025Q4,선크림,유기자차,youtube_video,long_form,2,59,145,0.01379,,0.25,1,4,1.0,2,22,0.545,False,v0.2
2026Q1,선크림,유기자차,youtube_video,long_form,2,76,173,0.01156,,0.25,1,4,1.0,2,26,0.538,False,v0.2
2026Q2,선크림,유기자차,youtube_video,long_form,16,119,324,0.04938,-0.0474,0.25,1,4,1.0,9,29,0.628,True,v0.2
2026Q3,선크림,유기자차,youtube_video,long_form,4,65,112,0.03571,,0.5,2,4,1.0,3,25,0.533,False,v0.2
2023Q3,선크림,혼합자차,youtube_video,long_form,0,66,133,0.0,,0.0,0,1,1.0,0,19,0.0,False,v0.2
2023Q4,선크림,혼합자차,youtube_video,long_form,1,48,116,0.00862,,0.5,1,2,1.0,1,16,0.031,False,v0.2
2024Q1,선크림,혼합자차,youtube_video,long_form,1,50,116,0.00862,,0.667,2,3,1.0,1,17,0.029,False,v0.2
2024Q2,선크림,혼합자차,youtube_video,long_form,9,86,254,0.03543,,0.75,3,4,1.0,7,24,0.631,True,v0.2
2024Q3,선크림,혼합자차,youtube_video,long_form,1,71,158,0.00633,,0.75,3,4,1.0,1,22,0.023,False,v0.2
2024Q4,선크림,혼합자차,youtube_video,long_form,1,59,127,0.00787,,0.5,2,4,1.0,1,19,0.026,False,v0.2
2025Q1,선크림,혼합자차,youtube_video,long_form,2,60,168,0.0119,,0.5,2,4,1.0,2,21,0.548,False,v0.2
2025Q2,선크림,혼합자차,youtube_video,long_form,8,121,309,0.02589,-0.3138,0.5,2,4,1.0,6,28,0.591,True,v0.2
2025Q3,선크림,혼합자차,youtube_video,long_form,1,84,187,0.00535,,0.5,2,4,1.0,1,26,0.019,False,v0.2
2025Q4,선크림,혼합자차,youtube_video,long_form,1,59,145,0.0069,,0.5,2,4,1.0,1,22,0.023,False,v0.2
2026Q1,선크림,혼합자차,youtube_video,long_form,0,76,173,0.0,,0.25,1,4,1.0,0,26,0.0,False,v0.2
2026Q2,선크림,혼합자차,youtube_video,long_form,9,119,324,0.02778,0.0704,0.25,1,4,1.0,7,29,0.591,True,v0.2
2026Q3,선크림,혼합자차,youtube_video,long_form,0,65,112,0.0,,0.25,1,4,1.0,0,25,0.0,False,v0.2
2023Q3,선크림,SPF_PA,youtube_video,long_form,15,66,133,0.11278,,1.0,1,1,1.0,7,19,0.623,True,v0.2
2023Q4,선크림,SPF_PA,youtube_video,long_form,17,48,116,0.14655,,1.0,2,2,1.0,7,16,0.676,True,v0.2
2024Q1,선크림,SPF_PA,youtube_video,long_form,12,50,116,0.10345,,1.0,3,3,1.0,7,17,0.674,True,v0.2
2024Q2,선크림,SPF_PA,youtube_video,long_form,19,86,254,0.0748,,0.75,3,4,1.0,9,24,0.643,True,v0.2
2024Q3,선크림,SPF_PA,youtube_video,long_form,15,71,158,0.09494,-0.1722,0.75,3,4,1.0,5,22,0.529,True,v0.2
2024Q4,선크림,SPF_PA,youtube_video,long_form,10,59,127,0.07874,-0.6212,0.5,2,4,1.0,5,19,0.554,True,v0.2
2025Q1,선크림,SPF_PA,youtube_video,long_form,14,60,168,0.08333,-0.2162,0.5,2,4,1.0,5,21,0.596,True,v0.2
2025Q2,선크림,SPF_PA,youtube_video,long_form,24,121,309,0.07767,0.0376,0.5,2,4,1.0,11,28,0.665,True,v0.2
2025Q3,선크림,SPF_PA,youtube_video,long_form,10,84,187,0.05348,-0.574,0.25,1,4,1.0,5,26,0.58,True,v0.2
2025Q4,선크림,SPF_PA,youtube_video,long_form,6,59,145,0.04138,-0.6434,0.25,1,4,1.0,4,22,0.539,True,v0.2
2026Q1,선크림,SPF_PA,youtube_video,long_form,14,76,173,0.08092,-0.0293,0.25,1,4,1.0,6,26,0.553,True,v0.2
2026Q2,선크림,SPF_PA,youtube_video,long_form,16,119,324,0.04938,-0.4529,0.25,1,4,1.0,12,29,0.678,True,v0.2
2026Q3,선크림,SPF_PA,youtube_video,long_form,4,65,112,0.03571,,0.25,1,4,1.0,2,25,0.54,False,v0.2
2023Q3,선크림,성분_신제품,youtube_video,long_form,20,66,133,0.15038,,0.0,0,1,1.0,9,19,0.64,True,v0.2
2023Q4,선크림,성분_신제품,youtube_video,long_form,19,48,116,0.16379,,0.5,1,2,1.0,8,16,0.703,True,v0.2
2024Q1,선크림,성분_신제품,youtube_video,long_form,20,50,116,0.17241,,0.667,2,3,1.0,6,17,0.606,True,v0.2
2024Q2,선크림,성분_신제품,youtube_video,long_form,29,86,254,0.11417,,0.5,2,4,1.0,12,24,0.677,True,v0.2
2024Q3,선크림,성분_신제품,youtube_video,long_form,29,71,158,0.18354,0.1993,0.75,3,4,1.0,11,22,0.683,True,v0.2
2024Q4,선크림,성분_신제품,youtube_video,long_form,19,59,127,0.14961,-0.0906,0.5,2,4,1.0,8,19,0.664,True,v0.2
2025Q1,선크림,성분_신제품,youtube_video,long_form,32,60,168,0.19048,0.0996,0.5,2,4,1.0,13,21,0.734,True,v0.2
2025Q2,선크림,성분_신제품,youtube_video,long_form,47,121,309,0.1521,0.2868,0.5,2,4,1.0,20,28,0.815,True,v0.2
2025Q3,선크림,성분_신제품,youtube_video,long_form,22,84,187,0.11765,-0.4448,0.25,1,4,1.0,11,26,0.651,True,v0.2
2025Q4,선크림,성분_신제품,youtube_video,long_form,21,59,145,0.14483,-0.0325,0.25,1,4,1.0,12,22,0.729,True,v0.2
2026Q1,선크림,성분_신제품,youtube_video,long_form,28,76,173,0.16185,-0.1629,0.25,1,4,1.0,15,26,0.75,True,v0.2
2026Q2,선크림,성분_신제품,youtube_video,long_form,44,119,324,0.1358,-0.1134,0.25,1,4,1.0,20,29,0.8,True,v0.2
2026Q3,선크림,성분_신제품,youtube_video,long_form,19,65,112,0.16964,0.366,0.5,2,4,1.0,13,25,0.734,True,v0.2
2023Q3,선크림,백탁,youtube_comment,long_form,24,4454,922,0.02603,,1.0,1,1,1.0,6,19,0.0,True,v0.2
2023Q4,선크림,백탁,youtube_comment,long_form,15,3554,755,0.01987,,1.0,2,2,1.0,7,16,0.031,True,v0.2
2024Q1,선크림,백탁,youtube_comment,long_form,14,3530,691,0.02026,,1.0,3,3,1.0,6,17,0.0,True,v0.2
2024Q2,선크림,백탁,youtube_comment,long_form,33,5526,1781,0.01853,,0.75,3,4,1.0,13,24,0.562,True,v0.2
2024Q3,선크림,백탁,youtube_comment,long_form,14,4751,1057,0.01325,-0.6756,0.5,2,4,1.0,8,22,0.545,True,v0.2
2024Q4,선크림,백탁,youtube_comment,long_form,8,4218,858,0.00932,-0.7565,0.25,1,4,1.0,6,19,0.026,True,v0.2
2025Q1,선크림,백탁,youtube_comment,long_form,22,4726,1241,0.01773,-0.1335,0.0,0,4,1.0,8,21,0.0,True,v0.2
2025Q2,선크림,백탁,youtube_comment,long_form,48,7556,2067,0.02322,0.2258,0.25,1,4,1.0,19,28,0.495,True,v0.2
2025Q3,선크림,백탁,youtube_comment,long_form,19,4829,1186,0.01602,0.1902,0.25,1,4,1.0,8,26,0.538,True,v0.2
2025Q4,선크림,백탁,youtube_comment,long_form,3,3707,850,0.00353,,0.25,1,4,1.0,2,22,0.0,False,v0.2
2026Q1,선크림,백탁,youtube_comment,long_form,12,4202,986,0.01217,-0.3761,0.25,1,4,1.0,6,26,0.498,True,v0.2
2026Q2,선크림,백탁,youtube_comment,long_form,57,6253,2227,0.02559,0.0973,0.25,1,4,1.0,13,29,0.017,True,v0.2
2026Q3,선크림,백탁,youtube_comment,long_form,57,3005,979,0.05822,1.2904,0.5,2,4,1.0,12,25,0.54,True,v0.2
2023Q3,선크림,자극_눈시림,youtube_comment,long_form,187,4454,922,0.20282,,1.0,1,1,1.0,13,19,0.626,True,v0.2
2023Q4,선크림,자극_눈시림,youtube_comment,long_form,140,3554,755,0.18543,,1.0,2,2,1.0,12,16,0.567,True,v0.2
2024Q1,선크림,자극_눈시림,youtube_comment,long_form,97,3530,691,0.14038,,0.667,2,3,1.0,12,17,0.677,True,v0.2
2024Q2,선크림,자극_눈시림,youtube_comment,long_form,213,5526,1781,0.1196,,0.5,2,4,1.0,18,24,0.684,True,v0.2
2024Q3,선크림,자극_눈시림,youtube_comment,long_form,150,4751,1057,0.14191,-0.3571,0.25,1,4,1.0,18,22,0.62,True,v0.2
2024Q4,선크림,자극_눈시림,youtube_comment,long_form,143,4218,858,0.16667,-0.1067,0.0,0,4,1.0,13,19,0.582,True,v0.2
2025Q1,선크림,자극_눈시림,youtube_comment,long_form,186,4726,1241,0.14988,0.0655,0.0,0,4,1.0,14,21,0.677,True,v0.2
2025Q2,선크림,자극_눈시림,youtube_comment,long_form,325,7556,2067,0.15723,0.2736,0.0,0,4,1.0,26,28,0.73,True,v0.2
2025Q3,선크림,자극_눈시림,youtube_comment,long_form,219,4829,1186,0.18465,0.2633,0.25,1,4,1.0,22,26,0.743,True,v0.2
2025Q4,선크림,자극_눈시림,youtube_comment,long_form,191,3707,850,0.22471,0.2988,0.5,2,4,1.0,17,22,0.755,True,v0.2
2026Q1,선크림,자극_눈시림,youtube_comment,long_form,193,4202,986,0.19574,0.267,0.75,3,4,1.0,16,26,0.732,True,v0.2
2026Q2,선크림,자극_눈시림,youtube_comment,long_form,276,6253,2227,0.12393,-0.238,0.75,3,4,1.0,23,29,0.673,True,v0.2
2026Q3,선크림,자극_눈시림,youtube_comment,long_form,203,3005,979,0.20735,0.1159,0.75,3,4,1.0,18,25,0.642,True,v0.2
2023Q3,선크림,발림성,youtube_comment,long_form,51,4454,922,0.05531,,1.0,1,1,1.0,10,19,0.605,True,v0.2
2023Q4,선크림,발림성,youtube_comment,long_form,26,3554,755,0.03444,,0.5,1,2,1.0,9,16,0.594,True,v0.2
2024Q1,선크림,발림성,youtube_comment,long_form,33,3530,691,0.04776,,0.333,1,3,1.0,9,17,0.598,True,v0.2
2024Q2,선크림,발림성,youtube_comment,long_form,96,5526,1781,0.0539,,0.5,2,4,1.0,18,24,0.646,True,v0.2
2024Q3,선크림,발림성,youtube_comment,long_form,53,4751,1057,0.05014,-0.0982,0.25,1,4,1.0,13,22,0.624,True,v0.2
2024Q4,선크림,발림성,youtube_comment,long_form,23,4218,858,0.02681,-0.2505,0.25,1,4,1.0,9,19,0.553,True,v0.2
2025Q1,선크림,발림성,youtube_comment,long_form,63,4726,1241,0.05077,0.0611,0.25,1,4,1.0,15,21,0.707,True,v0.2
2025Q2,선크림,발림성,youtube_comment,long_form,116,7556,2067,0.05612,0.0403,0.25,1,4,1.0,23,28,0.617,True,v0.2
2025Q3,선크림,발림성,youtube_comment,long_form,85,4829,1186,0.07167,0.3572,0.5,2,4,1.0,17,26,0.568,True,v0.2
2025Q4,선크림,발림성,youtube_comment,long_form,57,3707,850,0.06706,0.9169,0.75,3,4,1.0,11,22,0.578,True,v0.2
2026Q1,선크림,발림성,youtube_comment,long_form,38,4202,986,0.03854,-0.2755,0.75,3,4,1.0,10,26,0.624,True,v0.2
2026Q2,선크림,발림성,youtube_comment,long_form,121,6253,2227,0.05433,-0.0324,0.75,3,4,1.0,19,29,0.63,True,v0.2
2026Q3,선크림,발림성,youtube_comment,long_form,45,3005,979,0.04597,-0.4442,0.5,2,4,1.0,12,25,0.492,True,v0.2
2023Q3,선크림,촉촉함_건조함,youtube_comment,long_form,196,4454,922,0.21258,,0.0,0,1,1.0,14,19,0.792,True,v0.2
2023Q4,선크림,촉촉함_건조함,youtube_comment,long_form,275,3554,755,0.36424,,0.5,1,2,1.0,14,16,0.851,True,v0.2
2024Q1,선크림,촉촉함_건조함,youtube_comment,long_form,155,3530,691,0.22431,,0.667,2,3,1.0,13,17,0.811,True,v0.2
2024Q2,선크림,촉촉함_건조함,youtube_comment,long_form,327,5526,1781,0.1836,,0.5,2,4,1.0,21,24,0.882,True,v0.2
2024Q3,선크림,촉촉함_건조함,youtube_comment,long_form,238,4751,1057,0.22517,0.0575,0.75,3,4,1.0,16,22,0.795,True,v0.2
2024Q4,선크림,촉촉함_건조함,youtube_comment,long_form,309,4218,858,0.36014,-0.0113,0.75,3,4,1.0,16,19,0.85,True,v0.2
2025Q1,선크림,촉촉함_건조함,youtube_comment,long_form,237,4726,1241,0.19098,-0.1609,0.5,2,4,1.0,16,21,0.771,True,v0.2
2025Q2,선크림,촉촉함_건조함,youtube_comment,long_form,345,7556,2067,0.16691,-0.0953,0.5,2,4,1.0,25,28,0.839,True,v0.2
2025Q3,선크림,촉촉함_건조함,youtube_comment,long_form,258,4829,1186,0.21754,-0.0345,0.25,1,4,1.0,21,26,0.813,True,v0.2
2025Q4,선크림,촉촉함_건조함,youtube_comment,long_form,245,3707,850,0.28824,-0.2227,0.25,1,4,1.0,20,22,0.847,True,v0.2
2026Q1,선크림,촉촉함_건조함,youtube_comment,long_form,278,4202,986,0.28195,0.3896,0.5,2,4,1.0,18,26,0.855,True,v0.2
2026Q2,선크림,촉촉함_건조함,youtube_comment,long_form,360,6253,2227,0.16165,-0.032,0.5,2,4,1.0,23,29,0.813,True,v0.2
2026Q3,선크림,촉촉함_건조함,youtube_comment,long_form,145,3005,979,0.14811,-0.3844,0.5,2,4,1.0,16,25,0.712,True,v0.2
2023Q3,선크림,끈적임_유분감,youtube_comment,long_form,108,4454,922,0.11714,,1.0,1,1,1.0,10,19,0.613,True,v0.2
2023Q4,선크림,끈적임_유분감,youtube_comment,long_form,55,3554,755,0.07285,,0.5,1,2,1.0,11,16,0.594,True,v0.2
2024Q1,선크림,끈적임_유분감,youtube_comment,long_form,44,3530,691,0.06368,,0.333,1,3,1.0,11,17,0.561,True,v0.2
2024Q2,선크림,끈적임_유분감,youtube_comment,long_form,171,5526,1781,0.09601,,0.5,2,4,1.0,19,24,0.654,True,v0.2
2024Q3,선크림,끈적임_유분감,youtube_comment,long_form,119,4751,1057,0.11258,-0.0397,0.5,2,4,1.0,16,22,0.571,True,v0.2
2024Q4,선크림,끈적임_유분감,youtube_comment,long_form,63,4218,858,0.07343,0.0079,0.5,2,4,1.0,12,19,0.553,True,v0.2
2025Q1,선크림,끈적임_유분감,youtube_comment,long_form,83,4726,1241,0.06688,0.0491,0.5,2,4,1.0,12,21,0.571,True,v0.2
2025Q2,선크림,끈적임_유분감,youtube_comment,long_form,188,7556,2067,0.09095,-0.0541,0.25,1,4,1.0,24,28,0.605,True,v0.2
2025Q3,선크림,끈적임_유분감,youtube_comment,long_form,111,4829,1186,0.09359,-0.1847,0.25,1,4,1.0,18,26,0.603,True,v0.2
2025Q4,선크림,끈적임_유분감,youtube_comment,long_form,79,3707,850,0.09294,0.2357,0.25,1,4,1.0,14,22,0.541,True,v0.2
2026Q1,선크림,끈적임_유분감,youtube_comment,long_form,86,4202,986,0.08722,0.2655,0.25,1,4,1.0,14,26,0.557,True,v0.2
2026Q2,선크림,끈적임_유분감,youtube_comment,long_form,222,6253,2227,0.09969,0.0917,0.5,2,4,1.0,22,29,0.629,True,v0.2
2026Q3,선크림,끈적임_유분감,youtube_comment,long_form,104,3005,979,0.10623,0.1267,0.5,2,4,1.0,16,25,0.585,True,v0.2
2023Q3,선크림,밀림_들뜸,youtube_comment,long_form,9,4454,922,0.00976,,0.0,0,1,1.0,6,19,0.026,True,v0.2
2023Q4,선크림,밀림_들뜸,youtube_comment,long_form,6,3554,755,0.00795,,0.0,0,2,1.0,5,16,0.562,True,v0.2
2024Q1,선크림,밀림_들뜸,youtube_comment,long_form,12,3530,691,0.01737,,0.333,1,3,1.0,6,17,0.559,True,v0.2
2024Q2,선크림,밀림_들뜸,youtube_comment,long_form,20,5526,1781,0.01123,,0.25,1,4,1.0,9,24,0.021,True,v0.2
2024Q3,선크림,밀림_들뜸,youtube_comment,long_form,14,4751,1057,0.01325,0.3052,0.25,1,4,1.0,5,22,0.0,True,v0.2
2024Q4,선크림,밀림_들뜸,youtube_comment,long_form,6,4218,858,0.00699,-0.1279,0.25,1,4,1.0,2,19,0.0,True,v0.2
2025Q1,선크림,밀림_들뜸,youtube_comment,long_form,19,4726,1241,0.01531,-0.126,0.25,1,4,1.0,6,21,0.548,True,v0.2
2025Q2,선크림,밀림_들뜸,youtube_comment,long_form,33,7556,2067,0.01597,0.3519,0.5,2,4,1.0,13,28,0.554,True,v0.2
2025Q3,선크림,밀림_들뜸,youtube_comment,long_form,13,4829,1186,0.01096,-0.1893,0.5,2,4,1.0,6,26,0.0,True,v0.2
2025Q4,선크림,밀림_들뜸,youtube_comment,long_form,8,3707,850,0.00941,0.297,0.5,2,4,1.0,3,22,0.568,True,v0.2
2026Q1,선크림,밀림_들뜸,youtube_comment,long_form,17,4202,986,0.01724,0.1188,0.5,2,4,1.0,9,26,0.538,True,v0.2
2026Q2,선크림,밀림_들뜸,youtube_comment,long_form,43,6253,2227,0.01931,0.1901,0.5,2,4,1.0,13,29,0.53,True,v0.2
2026Q3,선크림,밀림_들뜸,youtube_comment,long_form,13,3005,979,0.01328,0.1918,0.75,3,4,1.0,5,25,0.0,True,v0.2
2023Q3,선크림,지속력_워터프루프,youtube_comment,long_form,33,4454,922,0.03579,,0.0,0,1,1.0,10,19,0.633,True,v0.2
2023Q4,선크림,지속력_워터프루프,youtube_comment,long_form,12,3554,755,0.01589,,0.0,0,2,1.0,4,16,0.629,True,v0.2
2024Q1,선크림,지속력_워터프루프,youtube_comment,long_form,32,3530,691,0.04631,,0.333,1,3,1.0,13,17,0.677,True,v0.2
2024Q2,선크림,지속력_워터프루프,youtube_comment,long_form,68,5526,1781,0.03818,,0.25,1,4,1.0,15,24,0.761,True,v0.2
2024Q3,선크림,지속력_워터프루프,youtube_comment,long_form,64,4751,1057,0.06055,0.5257,0.5,2,4,1.0,12,22,0.649,True,v0.2
2024Q4,선크림,지속력_워터프루프,youtube_comment,long_form,23,4218,858,0.02681,0.5227,0.5,2,4,1.0,8,19,0.666,True,v0.2
2025Q1,선크림,지속력_워터프루프,youtube_comment,long_form,50,4726,1241,0.04029,-0.1392,0.25,1,4,1.0,12,21,0.678,True,v0.2
2025Q2,선크림,지속력_워터프루프,youtube_comment,long_form,103,7556,2067,0.04983,0.2663,0.5,2,4,1.0,22,28,0.76,True,v0.2
2025Q3,선크림,지속력_워터프루프,youtube_comment,long_form,49,4829,1186,0.04132,-0.3822,0.5,2,4,1.0,19,26,0.736,True,v0.2
2025Q4,선크림,지속력_워터프루프,youtube_comment,long_form,19,3707,850,0.02235,-0.1817,0.5,2,4,1.0,8,22,0.718,True,v0.2
2026Q1,선크림,지속력_워터프루프,youtube_comment,long_form,29,4202,986,0.02941,-0.3147,0.5,2,4,1.0,9,26,0.613,True,v0.2
2026Q2,선크림,지속력_워터프루프,youtube_comment,long_form,103,6253,2227,0.04625,-0.0746,0.5,2,4,1.0,16,29,0.679,True,v0.2
2026Q3,선크림,지속력_워터프루프,youtube_comment,long_form,42,3005,979,0.0429,0.0377,0.5,2,4,1.0,15,25,0.647,True,v0.2
2023Q3,선크림,톤업_메이크업베이스,youtube_comment,long_form,87,4454,922,0.09436,,0.0,0,1,1.0,12,19,0.631,True,v0.2
2023Q4,선크림,톤업_메이크업베이스,youtube_comment,long_form,29,3554,755,0.03841,,0.0,0,2,1.0,5,16,0.654,True,v0.2
2024Q1,선크림,톤업_메이크업베이스,youtube_comment,long_form,76,3530,691,0.10999,,0.333,1,3,1.0,12,17,0.741,True,v0.2
2024Q2,선크림,톤업_메이크업베이스,youtube_comment,long_form,283,5526,1781,0.1589,,0.5,2,4,1.0,20,24,0.86,True,v0.2
2024Q3,선크림,톤업_메이크업베이스,youtube_comment,long_form,120,4751,1057,0.11353,0.1849,0.75,3,4,1.0,15,22,0.732,True,v0.2
2024Q4,선크림,톤업_메이크업베이스,youtube_comment,long_form,43,4218,858,0.05012,0.266,0.75,3,4,1.0,10,19,0.755,True,v0.2
2025Q1,선크림,톤업_메이크업베이스,youtube_comment,long_form,218,4726,1241,0.17566,0.4682,0.75,3,4,1.0,13,21,0.761,True,v0.2
2025Q2,선크림,톤업_메이크업베이스,youtube_comment,long_form,338,7556,2067,0.16352,0.0287,0.75,3,4,0.9971,24,28,0.806,True,v0.2
2025Q3,선크림,톤업_메이크업베이스,youtube_comment,long_form,113,4829,1186,0.09528,-0.1753,0.75,3,4,1.0,19,26,0.792,True,v0.2
2025Q4,선크림,톤업_메이크업베이스,youtube_comment,long_form,53,3707,850,0.06235,0.2185,0.75,3,4,1.0,11,22,0.705,True,v0.2
2026Q1,선크림,톤업_메이크업베이스,youtube_comment,long_form,58,4202,986,0.05882,-1.094,0.5,2,4,1.0,9,26,0.667,True,v0.2
2026Q2,선크림,톤업_메이크업베이스,youtube_comment,long_form,208,6253,2227,0.0934,-0.5601,0.25,1,4,1.0,22,29,0.764,True,v0.2
2026Q3,선크림,톤업_메이크업베이스,youtube_comment,long_form,89,3005,979,0.09091,-0.0469,0.0,0,4,1.0,14,25,0.654,True,v0.2
2023Q3,선크림,무기자차,youtube_comment,long_form,75,4454,922,0.08134,,1.0,1,1,1.0,7,19,0.656,True,v0.2
2023Q4,선크림,무기자차,youtube_comment,long_form,48,3554,755,0.06358,,0.5,1,2,1.0,6,16,0.612,True,v0.2
2024Q1,선크림,무기자차,youtube_comment,long_form,62,3530,691,0.08973,,0.667,2,3,1.0,10,17,0.68,True,v0.2
2024Q2,선크림,무기자차,youtube_comment,long_form,217,5526,1781,0.12184,,0.75,3,4,1.0,17,24,0.828,True,v0.2
2024Q3,선크림,무기자차,youtube_comment,long_form,67,4751,1057,0.06339,-0.2494,0.5,2,4,1.0,10,22,0.613,True,v0.2
2024Q4,선크림,무기자차,youtube_comment,long_form,45,4218,858,0.05245,-0.1924,0.5,2,4,1.0,5,19,0.605,True,v0.2
2025Q1,선크림,무기자차,youtube_comment,long_form,94,4726,1241,0.07575,-0.1694,0.25,1,4,1.0,9,21,0.583,True,v0.2
2025Q2,선크림,무기자차,youtube_comment,long_form,205,7556,2067,0.09918,-0.2058,0.25,1,4,1.0,19,28,0.71,True,v0.2
2025Q3,선크림,무기자차,youtube_comment,long_form,70,4829,1186,0.05902,-0.0713,0.25,1,4,1.0,15,26,0.692,True,v0.2
2025Q4,선크림,무기자차,youtube_comment,long_form,38,3707,850,0.04471,-0.1597,0.25,1,4,1.0,9,22,0.658,True,v0.2
2026Q1,선크림,무기자차,youtube_comment,long_form,48,4202,986,0.04868,-0.4421,0.25,1,4,1.0,11,26,0.574,True,v0.2
2026Q2,선크림,무기자차,youtube_comment,long_form,286,6253,2227,0.12842,0.2584,0.25,1,4,1.0,18,29,0.758,True,v0.2
2026Q3,선크림,무기자차,youtube_comment,long_form,83,3005,979,0.08478,0.3622,0.5,2,4,1.0,13,25,0.657,True,v0.2
2023Q3,선크림,유기자차,youtube_comment,long_form,29,4454,922,0.03145,,0.0,0,1,1.0,4,19,0.553,True,v0.2
2023Q4,선크림,유기자차,youtube_comment,long_form,25,3554,755,0.03311,,0.0,0,2,1.0,6,16,0.522,True,v0.2
2024Q1,선크림,유기자차,youtube_comment,long_form,28,3530,691,0.04052,,0.333,1,3,1.0,7,17,0.029,True,v0.2
2024Q2,선크림,유기자차,youtube_comment,long_form,111,5526,1781,0.06232,,0.5,2,4,1.0,17,24,0.766,True,v0.2
2024Q3,선크림,유기자차,youtube_comment,long_form,32,4751,1057,0.03027,-0.0382,0.5,2,4,1.0,6,22,0.541,True,v0.2
2024Q4,선크림,유기자차,youtube_comment,long_form,19,4218,858,0.02214,-0.4023,0.5,2,4,1.0,3,19,0.026,True,v0.2
2025Q1,선크림,유기자차,youtube_comment,long_form,46,4726,1241,0.03707,-0.0891,0.5,2,4,1.0,4,21,0.571,True,v0.2
2025Q2,선크림,유기자차,youtube_comment,long_form,99,7556,2067,0.0479,-0.2633,0.5,2,4,1.0,17,28,0.639,True,v0.2
2025Q3,선크림,유기자차,youtube_comment,long_form,29,4829,1186,0.02445,-0.2136,0.5,2,4,1.0,8,26,0.019,True,v0.2
2025Q4,선크림,유기자차,youtube_comment,long_form,9,3707,850,0.01059,-0.7378,0.5,2,4,1.0,4,22,0.545,True,v0.2
2026Q1,선크림,유기자차,youtube_comment,long_form,25,4202,986,0.02535,-0.3797,0.25,1,4,1.0,6,26,0.538,True,v0.2
2026Q2,선크림,유기자차,youtube_comment,long_form,170,6253,2227,0.07634,0.4661,0.25,1,4,1.0,15,29,0.628,True,v0.2
2026Q3,선크림,유기자차,youtube_comment,long_form,34,3005,979,0.03473,0.3509,0.5,2,4,1.0,9,25,0.533,True,v0.2
2023Q3,선크림,혼합자차,youtube_comment,long_form,4,4454,922,0.00434,,0.0,0,1,1.0,3,19,0.0,False,v0.2
2023Q4,선크림,혼합자차,youtube_comment,long_form,1,3554,755,0.00132,,0.0,0,2,1.0,1,16,0.031,False,v0.2
2024Q1,선크림,혼합자차,youtube_comment,long_form,3,3530,691,0.00434,,0.0,0,3,1.0,2,17,0.029,False,v0.2
2024Q2,선크림,혼합자차,youtube_comment,long_form,26,5526,1781,0.0146,,0.25,1,4,1.0,12,24,0.631,True,v0.2
2024Q3,선크림,혼합자차,youtube_comment,long_form,7,4751,1057,0.00662,,0.5,2,4,1.0,5,22,0.023,True,v0.2
2024Q4,선크림,혼합자차,youtube_comment,long_form,1,4218,858,0.00117,,0.5,2,4,1.0,1,19,0.026,False,v0.2
2025Q1,선크림,혼합자차,youtube_comment,long_form,5,4726,1241,0.00403,,0.5,2,4,1.0,4,21,0.548,True,v0.2
2025Q2,선크림,혼합자차,youtube_comment,long_form,35,7556,2067,0.01693,0.1483,0.5,2,4,1.0,10,28,0.591,True,v0.2
2025Q3,선크림,혼합자차,youtube_comment,long_form,7,4829,1186,0.0059,-0.1152,0.5,2,4,1.0,4,26,0.019,True,v0.2
2025Q4,선크림,혼합자차,youtube_comment,long_form,1,3707,850,0.00118,,0.5,2,4,1.0,1,22,0.023,False,v0.2
2026Q1,선크림,혼합자차,youtube_comment,long_form,1,4202,986,0.00101,,0.5,2,4,1.0,1,26,0.0,False,v0.2
2026Q2,선크림,혼합자차,youtube_comment,long_form,27,6253,2227,0.01212,-0.3341,0.5,2,4,1.0,9,29,0.591,True,v0.2
2026Q3,선크림,혼합자차,youtube_comment,long_form,9,3005,979,0.00919,0.4431,0.5,2,4,1.0,7,25,0.0,True,v0.2
2023Q3,선크림,SPF_PA,youtube_comment,long_form,7,4454,922,0.00759,,0.0,0,1,1.0,2,19,0.623,True,v0.2
2023Q4,선크림,SPF_PA,youtube_comment,long_form,10,3554,755,0.01325,,0.5,1,2,1.0,5,16,0.676,True,v0.2
2024Q1,선크림,SPF_PA,youtube_comment,long_form,6,3530,691,0.00868,,0.667,2,3,1.0,4,17,0.674,True,v0.2
2024Q2,선크림,SPF_PA,youtube_comment,long_form,15,5526,1781,0.00842,,0.75,3,4,1.0,7,24,0.643,True,v0.2
2024Q3,선크림,SPF_PA,youtube_comment,long_form,16,4751,1057,0.01514,0.69,1.0,4,4,1.0,6,22,0.529,True,v0.2
2024Q4,선크림,SPF_PA,youtube_comment,long_form,1,4218,858,0.00117,,0.75,3,4,1.0,1,19,0.554,False,v0.2
2025Q1,선크림,SPF_PA,youtube_comment,long_form,6,4726,1241,0.00483,-0.5855,0.5,2,4,1.0,2,21,0.596,True,v0.2
2025Q2,선크림,SPF_PA,youtube_comment,long_form,18,7556,2067,0.00871,0.0334,0.5,2,4,1.0,9,28,0.665,True,v0.2
2025Q3,선크림,SPF_PA,youtube_comment,long_form,7,4829,1186,0.0059,-0.9418,0.25,1,4,1.0,5,26,0.58,True,v0.2
2025Q4,선크림,SPF_PA,youtube_comment,long_form,3,3707,850,0.00353,,0.25,1,4,1.0,2,22,0.539,False,v0.2
2026Q1,선크림,SPF_PA,youtube_comment,long_form,3,4202,986,0.00304,,0.25,1,4,1.0,2,26,0.553,False,v0.2
2026Q2,선크림,SPF_PA,youtube_comment,long_form,32,6253,2227,0.01437,0.5008,0.25,1,4,1.0,11,29,0.678,True,v0.2
2026Q3,선크림,SPF_PA,youtube_comment,long_form,8,3005,979,0.00817,0.3253,0.25,1,4,1.0,4,25,0.54,True,v0.2
2023Q3,선크림,성분_신제품,youtube_comment,long_form,112,4454,922,0.12148,,0.0,0,1,1.0,14,19,0.64,True,v0.2
2023Q4,선크림,성분_신제품,youtube_comment,long_form,113,3554,755,0.14967,,0.0,0,2,1.0,10,16,0.703,True,v0.2
2024Q1,선크림,성분_신제품,youtube_comment,long_form,129,3530,691,0.18669,,0.333,1,3,1.0,13,17,0.606,True,v0.2
2024Q2,선크림,성분_신제품,youtube_comment,long_form,201,5526,1781,0.11286,,0.25,1,4,1.0,16,24,0.677,True,v0.2
2024Q3,선크림,성분_신제품,youtube_comment,long_form,163,4751,1057,0.15421,0.2386,0.25,1,4,0.9939,16,22,0.683,True,v0.2
2024Q4,선크림,성분_신제품,youtube_comment,long_form,174,4218,858,0.2028,0.3038,0.5,2,4,1.0,11,19,0.664,True,v0.2
2025Q1,선크림,성분_신제품,youtube_comment,long_form,212,4726,1241,0.17083,-0.0888,0.5,2,4,1.0,18,21,0.734,True,v0.2
2025Q2,선크림,성분_신제품,youtube_comment,long_form,214,7556,2067,0.10353,-0.0863,0.5,2,4,1.0,23,28,0.815,True,v0.2
2025Q3,선크림,성분_신제품,youtube_comment,long_form,206,4829,1186,0.17369,0.119,0.75,3,4,1.0,20,26,0.651,True,v0.2
2025Q4,선크림,성분_신제품,youtube_comment,long_form,144,3707,850,0.16941,-0.1799,0.75,3,4,1.0,17,22,0.729,True,v0.2
2026Q1,선크림,성분_신제품,youtube_comment,long_form,198,4202,986,0.20081,0.1617,0.75,3,4,1.0,18,26,0.75,True,v0.2
2026Q2,선크림,성분_신제품,youtube_comment,long_form,322,6253,2227,0.14459,0.334,0.75,3,4,1.0,24,29,0.8,True,v0.2
2026Q3,선크림,성분_신제품,youtube_comment,long_form,147,3005,979,0.15015,-0.1456,0.5,2,4,1.0,20,25,0.734,True,v0.2
