1,2-산다이올	NNP	3.0
1,2-헥산다이올	NNP	3.0
1,2-헥산디올	NNP	3.0
1-메틸하이단토인-2-이미드	NNP	3.0
12-헥산다이올	NNP	3.0
2,3-부탄다이올	NNP	3.0
2-t-부틸사이클로헥실아세테이트	NNP	3.0
2-헥산다이올	NNP	3.0
2•헥산다이올	NNP	3.0
2헥산다이올	NNP	3.0
3-O-에틸아스코빅애씨드	NNP	3.0
4-t-부틸사이클로헥산올	NNP	3.0
4-메칠벤질리덴캠퍼	NNP	3.0
4-터피네올	NNP	3.0
7-데하이드로콜레스테롤	NNP	3.0
C10-18트라이글리세라이즈	NNP	3.0
C11-13아이소알케인	NNP	3.0
C12-13알케스-9	NNP	3.0
C12-15알코올	NNP	3.0
C12-15알킬벤조에이트	NNP	3.0
C12-16알코올	NNP	3.0
C12-20알킬글루코사이드	NNP	3.0
C13-14아이소알케인	NNP	3.0
C13-14아이소파라핀	NNP	3.0
C13-15알케인	NNP	3.0
C13-16아이소알케인	NNP	3.0
C14-22알코올	NNP	3.0
C15-19알케인	NNP	3.0
C15-23알케인	NNP	3.0
C18-21알케인	NNP	3.0
C18-38알킬하이드록시스테아로일스테아레이트	NNP	3.0
C20-22알코올	NNP	3.0
C20-22알킬포스페이트	NNP	3.0
C20-24알킬다이메티콘	NNP	3.0
C20-24올레핀	NNP	3.0
C30-38올레핀/이소프로필말리에이트/엠에이코폴리머	NNP	3.0
C30-45알킬다이메틸실릴폴리프로필실세스퀴옥세인	NNP	3.0
C30-45알킬메티콘	NNP	3.0
C30-45알킬세테아릴다이메티콘크로스폴리머	NNP	3.0
C30-45알킬세테아릴디메치콘크로스폴리머	NNP	3.0
C30-45올레핀	NNP	3.0
C9-12알케인	NNP	3.0
LP100징크옥사이드	NNP	3.0
T-부틸알코올	NNP	3.0
o-사이멘-5-올	NNP	3.0
t-부틸알코올	NNP	3.0
t부틸알코올	NNP	3.0
■전성분-정제수	NNP	3.0
■정재수	NNP	3.0
■정제수	NNP	3.0
가르시니아열매추출물	NNP	3.0
가시대나무수액	NNP	3.0
가시대나무줄기추출물	NNP	3.0
가시오갈피뿌리추출물	NNP	3.0
가지열매추출물	NNP	3.0
각시둥굴레뿌리줄기/뿌리추출물	NNP	3.0
갈대추출물	NNP	3.0
갈락토미세스발효여과물	NNP	3.0
갈랑가갈랑갈추출물	NNP	3.0
갈립검오일	NNP	3.0
갈바눔수지오일	NNP	3.0
갈바눔수지오일+	NNP	3.0
감국꽃추출물	NNP	3.0
감나무잎추출물	NNP	3.0
감자추출물	NNP	3.0
감태추출물	NNP	3.0
강낭콩씨추출물	NNP	3.0
개똥쑥추출물	NNP	3.0
개박하추출물	NNP	3.0
검은깨추출물	NNP	3.0
검은뽕나무열매추출물	NNP	3.0
겨우살이잎추출물	NNP	3.0
고삼뿌리추출물	NNP	3.0
고추나물꽃/잎/줄기추출물	NNP	3.0
광곽향오일	NNP	3.0
구기자추출물	NNP	3.0
구아바잎추출물	NNP	3.0
구아이아줄렌	NNP	3.0
구주소나무잎오일	NNP	3.0
귀리가루추출물	NNP	3.0
귀리단백질추출물	NNP	3.0
귀리커넬추출물	NNP	3.0
귀리커넬추출물*+	NNP	3.0
귀리펩타이드	NNP	3.0
귤껍질추출물	NNP	3.0
그린마일드업선플러스50ml정제수	NNP	3.0
그린와틀꽃왁스	NNP	3.0
글라브리딘	NNP	3.0
글라이신	NNP	3.0
글라이코리피드	NNP	3.0
글라이코스핑고리피드	NNP	3.0
글라이코젠	NNP	3.0
글라이코프로테인	NNP	3.0
글라이콜	NNP	3.0
글루코노락톤	NNP	3.0
글루코사민에이치씨엘	NNP	3.0
글루코실헤스페리딘	NNP	3.0
글루코오스	NNP	3.0
글루타믹애씨드	NNP	3.0
글루타민	NNP	3.0
글루타밀아미도에틸인돌	NNP	3.0
글루타티온	NNP	3.0
글리세레스-20	NNP	3.0
글리세레스-26	NNP	3.0
글리세린	NNP	3.0
글리세릴글루코사이드	NNP	3.0
글리세릴리놀리네이트	NNP	3.0
글리세릴베헤네이트	NNP	3.0
글리세릴베헤네이트/에이코사디오에이트	NNP	3.0
글리세릴스테아레이트	NNP	3.0
글리세릴스테아레이트시트레이트	NNP	3.0
글리세릴스테아레이트에스이	NNP	3.0
글리세릴스테이레이트시트레이트	NNP	3.0
글리세릴아라키도네이트	NNP	3.0
글리세릴아크릴레이트/아크릴릭애씨드코폴리머	NNP	3.0
글리세릴올리에이트	NNP	3.0
글리세릴카프릴레이트	NNP	3.0
글리세릴트라이베헤네이트/아이소스테아레이트/에이코산디오에이트	NNP	3.0
글리세릴폴리메타크릴레이트	NNP	3.0
글리시레티닉애씨드	NNP	3.0
금불초꽃/잎/줄기추출물	NNP	3.0
꽃생강뿌리추출물	NNP	3.0
꽃송이버섯추출물	NNP	3.0
꿀풀추출물	NNP	3.0
나이아신아마이드	NNP	3.0
나이아신아마이드+	NNP	3.0
나일론-12	NNP	3.0
나일론-12아크릴아마이드/소듐아크릴로일디메칠타우레이트코폴리머	NNP	3.0
냉초추출물	NNP	3.0
네오펜틸글라이콜다이에틸헥사노에이트	NNP	3.0
네오펜틸글라이콜다이카프레이트	NNP	3.0
네오펜틸글라이콜다이헵타노에이트	NNP	3.0
네오펜틸글라이콜디헵타노에이트	NNP	3.0
노나펩타이드-1	NNP	3.0
노니열매추출물	NNP	3.0
노니추출물	NNP	3.0
노세범톤업선크림_핑크정제수	NNP	3.0
녹두싹추출물	NNP	3.0
녹두씨추출물	NNP	3.0
녹두추출물	NNP	3.0
녹용추출물	NNP	3.0
녹차가루	NNP	3.0
녹차수	NNP	3.0
녹차씨오일	NNP	3.0
녹차추출물	NNP	3.0
녹차추출물정제수	NNP	3.0
눈연꽃추출물	NNP	3.0
니코틴아마이드모노뉴클레오타이드	NNP	3.0
니코틴아마이드아데닌다이뉴클레오타이드	NNP	3.0
님잎추출물	NNP	3.0
다마스크장미꽃수	NNP	3.0
다마스크장미꽃오일	NNP	3.0
다마스크장미꽃추출물	NNP	3.0
다마스크장미꽃추출물+	NNP	3.0
다마스크장미추출물	NNP	3.0
다발방패버섯추출물	NNP	3.0
다시마추출물	NNP	3.0
다알리아꽃추출물	NNP	3.0
다이글리세린	NNP	3.0
다이라우릴시트레이트	NNP	3.0
다이머다이리놀레일다이머다이리놀리에이트	NNP	3.0
다이메티콘	NNP	3.0
다이메티콘/비닐다이메티콘크로스폴리머	NNP	3.0
다이메티콘/폴리글리세린-3크로스폴리머	NNP	3.0
다이메티콘/피이지-10/15크로스폴리머	NNP	3.0
다이메티콘실릴레이트	NNP	3.0
다이메티콘올	NNP	3.0
다이메티콘크로스폴리머	NNP	3.0
다이메티콘크로스폴리머-3	NNP	3.0
다이메틸실란올하이알루로네이트	NNP	3.0
다이메틸아이소소바이드	NNP	3.0
다이메틸아크릴아마이드/소듐아크릴로일다이메틸타우레이드크로스폴리머	NNP	3.0
다이메틸아크릴아마이드/소듐아크릴로일다이메틸타우레이트크로스폴리머	NNP	3.0
다이메틸카프라마이드	NNP	3.0
다이부틸라우로일글루타마이드	NNP	3.0
다이부틸아디페이트	NNP	3.0
다이부틸에틸헥사노일글루타마이드	NNP	3.0
다이소듐스테아로일글루타메이트	NNP	3.0
다이소듐아데노신트라이포스페이트	NNP	3.0
다이소듐이디티에이	NNP	3.0
다이소듐코코암포다이아세테이트	NNP	3.0
다이소듐포스페이트	NNP	3.0
다이소테아릴말레이트	NNP	3.0
다이스테아다이모늄헥토라이트	NNP	3.0
다이스테아릴다이모늄클로라이드	NNP	3.0
다이실록세인	NNP	3.0
다이아몬드가루	NNP	3.0
다이아이소부틸아디페이트	NNP	3.0
다이아이소스테아로일폴리글리세릴-3다이머다이리놀리에이트	NNP	3.0
다이아이소스테아릴말레이트	NNP	3.0
다이아이소프로필세바케이트	NNP	3.0
다이아이소프로필아디페이트	NNP	3.0
다이에칠아미노하이드록시벤조일헥실벤조에이트	NNP	3.0
다이에틸헥실2,6-나프탈레이트	NNP	3.0
다이에틸헥실석시네이트	NNP	3.0
다이올레오일피지-트라이모늄클로라이드	NNP	3.0
다이카프릴릴에터	NNP	3.0
다이카프릴릴카보네이트	NNP	3.0
다이팔미토일하이드록시프롤린	NNP	3.0
다이페닐다이메티콘	NNP	3.0
다이페닐실록시페닐트라이메티콘	NNP	3.0
다이펜타에리스리틸트라이-폴리하이드록시스테아레이트	NNP	3.0
다이펜타에리스리틸헥사C5-9애씨드에스터	NNP	3.0
다이펩타이드-2	NNP	3.0
다이펩타이드다이아미노부티로일벤질아마이드다이아세테이트	NNP	3.0
다이포타슘글리시리제이트	NNP	3.0
다이포타슘포스페이트	NNP	3.0
다이프로필렌글라이콜	NNP	3.0
다이프로필렌글라이콜다이벤조에이트	NNP	3.0
다이하이드록시아이소프로필팔모일팜아마이드	NNP	3.0
닥터지브라이트닝업선플러스50ml정제수	NNP	3.0
달맞이꽃꽃추출물	NNP	3.0
달맞이꽃오일	NNP	3.0
달맞이꽃추출물	NNP	3.0
달팽이점액여과물	NNP	3.0
당근씨오일	NNP	3.0
당근추출물	NNP	3.0
당느릅나무뿌리추출물	NNP	3.0
당아욱꽃추출물	NNP	3.0
당호박씨오일	NNP	3.0
대나무목초액	NNP	3.0
대왕소나무잎추출물	NNP	3.0
대왕송잎추출물	NNP	3.0
대추추출물	NNP	3.0
더위지기추출물	NNP	3.0
덩굴월귤열매추출물	NNP	3.0
데사미도콜라겐	NNP	3.0
데실글루코사이드	NNP	3.0
데실렌글라이콜	NNP	3.0
데실올리에이트	NNP	3.0
데이지꽃추출물	NNP	3.0
데카펩타이드-4	NNP	3.0
데하이드로아세틱애씨드	NNP	3.0
데하이드로잔탄검	NNP	3.0
덱스트린	NNP	3.0
덱스트린팔미테이트	NNP	3.0
덱스트린팔미테이트/에틸헥사노에이트	NNP	3.0
덱스판테놀	NNP	3.0
돌나물추출물	NNP	3.0
돌콩스테롤	NNP	3.0
돌콩오일	NNP	3.0
돌콩지질	NNP	3.0
돌콩추출물	NNP	3.0
동백나무꽃추출물	NNP	3.0
동백나무씨추출물	NNP	3.0
동백나무잎추출물	NNP	3.0
두날리엘라살리나추출물	NNP	3.0
두송열매오일	NNP	3.0
두송열매추출물	NNP	3.0
두충나무껍질추출물	NNP	3.0
드럼스틱씨오일	NNP	3.0
드럼스틱씨추출물	NNP	3.0
드럽스틱씨오일	NNP	3.0
드로메트리졸트리실록산	NNP	3.0
디메치콘	NNP	3.0
디메치콘/메치콘코폴리머	NNP	3.0
디메치콘/비닐디메치콘크로스폴리머	NNP	3.0
디메치콘/피이지-10/15크로스폴리머	NNP	3.0
디메치콘실릴레이트	NNP	3.0
디메치콘크로스폴리머-3	NNP	3.0
디소듐스테아로일글루타메이트	NNP	3.0
디소듐이디티에이	NNP	3.0
디스테아디모늄헥토라이트	NNP	3.0
디스테아릴디모늄클로라이드	NNP	3.0
디에칠아미노하이드록시벤조일헥실벤조에이트	NNP	3.0
디에칠헥실부타미도트리아존	NNP	3.0
디에칠헥실석시네이트	NNP	3.0
디엔에이	NNP	3.0
디이소부틸아디페이트	NNP	3.0
디카프릴릴카보네이트	NNP	3.0
디팔미토일하이드록시프롤린	NNP	3.0
디페닐실록시페닐트리메치콘	NNP	3.0
디펜타에리스리틸트리-폴리하이드록시스테아레이트	NNP	3.0
디포타슘글리제이트	NNP	3.0
디프로필렌글라이콜	NNP	3.0
딜추출물	NNP	3.0
띠뿌리추출물	NNP	3.0
라미나리아디지타타추출물	NNP	3.0
라미나리아오크롤레우카추출물	NNP	3.0
라반딘오일	NNP	3.0
라벤더꽃추출물	NNP	3.0
라벤더오일	NNP	3.0
라벤더추출물	NNP	3.0
라우레스-23	NNP	3.0
라우레스-4	NNP	3.0
라우레스-7	NNP	3.0
라우레스-7시트레이트	NNP	3.0
라우로일라이신	NNP	3.0
라우릭애씨드	NNP	3.0
라우릴글루코사이드	NNP	3.0
라우릴다이메티콘	NNP	3.0
라우릴다이메티콘/폴리글리세린-3크로스폴리머	NNP	3.0
라우릴락테이트	NNP	3.0
라우릴메타크릴레이트/글라이콜디메타크릴레이트크로스폴리머	NNP	3.0
라우릴베타인	NNP	3.0
라우릴알코올	NNP	3.0
라우릴폴리글리세릴-3폴리다이메틸실록시에틸다이메티콘	NNP	3.0
라우릴피이지-10트리스실릴에틸다이메티콘	NNP	3.0
라우릴피이지-8다이메티콘	NNP	3.0
라우릴피이지-9폴리다이메틸실록시에틸다이메티콘	NNP	3.0
라우릴피이지-9폴리디메칠실록시에칠디메치콘	NNP	3.0
라우릴하이드록시설테인	NNP	3.0
라이소레시틴	NNP	3.0
라이신	NNP	3.0
라임전초오일	NNP	3.0
라임전초오일+	NNP	3.0
라즈베리잎추출물	NNP	3.0
라즈베리추출물	NNP	3.0
라즈베리케톤	NNP	3.0
라케모사승마뿌리추출물	NNP	3.0
락토바실러스	NNP	3.0
락토바실러스/배즙발효여과물	NNP	3.0
락토바실러스/부레옥잠발효물	NNP	3.0
락토바실러스/석류발효추출물	NNP	3.0
락토바실러스/소이밀크발효여과물	NNP	3.0
락토바실러스/쌀발효물	NNP	3.0
락토바실러스/콩발효추출물	NNP	3.0
락토바실러스/호밀가루발효물	NNP	3.0
락토바실러스/호박발효추출물	NNP	3.0
락토바실러스/홍삼발효여과물	NNP	3.0
락토바실러스발효물	NNP	3.0
락토바실러스발효물정제수	NNP	3.0
락토바실러스발효용해물	NNP	3.0
락토바실러스세포외소포	NNP	3.0
락토오스	NNP	3.0
락토코쿠스/하이알루로닉애씨드발효여과물	NNP	3.0
락토코쿠스발효용해물	NNP	3.0
락토페린	NNP	3.0
락틱애씨드	NNP	3.0
락틱애씨드/글라이콜릭애씨드코폴리머	NNP	3.0
람노오스	NNP	3.0
레드신코나나무껍질추출물	NNP	3.0
레몬그라스잎오일	NNP	3.0
레몬그라스추출물	NNP	3.0
레몬껍질오일	NNP	3.0
레몬껍질오일+	NNP	3.0
레몬머틀잎추출물	NNP	3.0
레몬밤꽃/잎/줄기수	NNP	3.0
레몬밤잎추출물	NNP	3.0
레몬밤추출물	NNP	3.0
레몬추출물	NNP	3.0
레스베라트롤	NNP	3.0
레시틴	NNP	3.0
레티놀	NNP	3.0
레티닐팔미테이트	NNP	3.0
레틴알	NNP	3.0
로우스위트블루베리추출물	NNP	3.0
로우스위트블루베리추출물*포도유래엑소좀	NNP	3.0
로즈마리잎수	NNP	3.0
로즈마리잎오일	NNP	3.0
로즈마리잎추출물	NNP	3.0
로즈오브예리코추출물	NNP	3.0
로즈힙열매추출물	NNP	3.0
로켓잎추출물	NNP	3.0
록샘파이어캘러스배양여과물	NNP	3.0
루비가루	NNP	3.0
루이보스추출물	NNP	3.0
루틴	NNP	3.0
류신	NNP	3.0
류코노스톡/무발효여과물	NNP	3.0
리날룰	NNP	3.0
리날룰정제수	NNP	3.0
리날릴아세테이트	NNP	3.0
리놀레닉애씨드	NNP	3.0
리놀레익애씨드	NNP	3.0
리모넨	NNP	3.0
리모니아아키디시마추출물	NNP	3.0
리보플라빈	NNP	3.0
리솔레시틴	NNP	3.0
리씨열매오일	NNP	3.0
리씨열매오일+	NNP	3.0
리치추출물	NNP	3.0
리파아제	NNP	3.0
마그네슘글루코네이트	NNP	3.0
마그네슘설페이트	NNP	3.0
마그네슘설페이트자작나무수분클렌저20ml정제수	NNP	3.0
마그네슘시트레이트	NNP	3.0
마그네슘씨씨에이	NNP	3.0
마그네슘아스파테이트	NNP	3.0
마그네슘알루미늄실리케이트	NNP	3.0
마그네슘클로라이드	NNP	3.0
마그네슘팔미토일글루타메이트	NNP	3.0
마그네슘피씨에이	NNP	3.0
마누카잎추출물	NNP	3.0
마늘추출물	NNP	3.0
마데카소사이드	NNP	3.0
마데카식애씨드	NNP	3.0
마시멜로뿌리추출물	NNP	3.0
마이카	NNP	3.0
마이크로코쿠스발효용해물	NNP	3.0
마이크로크리스탈린셀룰로오스	NNP	3.0
마이크로크리스탈린왁스	NNP	3.0
마조람잎오일	NNP	3.0
마치현추출물	NNP	3.0
마카다미아씨오일	NNP	3.0
마카뿌리추출물	NNP	3.0
마테잎추출물	NNP	3.0
마트리카리아꽃/잎추출물	NNP	3.0
마트리카리아꽃수	NNP	3.0
마트리카리아꽃오일	NNP	3.0
마트리카리아꽃추출물	NNP	3.0
마트리카리아꽃추출물+	NNP	3.0
마트리카리아추출물	NNP	3.0
만노오스	NNP	3.0
만니톨	NNP	3.0
말라카이트추출물	NNP	3.0
말라카이트추출물정제수	NNP	3.0
말토덱스트린	NNP	3.0
맞이꽃추출물	NNP	3.0
매도우스위트추출물	NNP	3.0
매듭풀추출물	NNP	3.0
매스틱검	NNP	3.0
매실나무꽃추출물	NNP	3.0
매실나무꽃추출물노세범톤업선크림_라벤더정제수	NNP	3.0
매실나무꽃추출물노세범톤업선크림_베이지정제수	NNP	3.0
매실추출물	NNP	3.0
맥아추출물	NNP	3.0
머스크씨드추출물	NNP	3.0
메나다이온	NNP	3.0
메도우폼씨오일	NNP	3.0
메치콘	NNP	3.0
메칠렌비스-벤조트	NNP	3.0
메칠렌비스-벤조트리아졸릴테트라메칠부틸페놀	NNP	3.0
메칠렌비스•벤조트리아졸릴테트라메칠부틸페놀	NNP	3.0
메칠메타크릴레이트크로스폴리머	NNP	3.0
메칠트리메치콘	NNP	3.0
메칠프로판디올	NNP	3.0
메톡시페닐에테닐t-부틸벤조에이트	NNP	3.0
메톡시페닐이미노다이메틸사이클로헥센일에틸글리시네이트	NNP	3.0
메톡시피이지-114/폴리엡실론카프로락톤	NNP	3.0
메톡시피이지/피피지-25/4다이메티콘	NNP	3.0
메티오닌	NNP	3.0
메티콘	NNP	3.0
메틸글루세스-20	NNP	3.0
메틸다이아이소프로필프로피온아마이드	NNP	3.0
메틸다이하이드로자스모네이트	NNP	3.0
메틸메타크릴레이트크로스폴리머	NNP	3.0
메틸트라이메티콘	NNP	3.0
메틸파라벤	NNP	3.0
메틸프로판다이올	NNP	3.0
메틸하이드로제네이티드로지네이트	NNP	3.0
멕시칸주니퍼오일	NNP	3.0
멕시칸치아씨추출물	NNP	3.0
멘톡시프로판다이올	NNP	3.0
멘톨	NNP	3.0
멘틸피씨에이	NNP	3.0
멜라토닌	NNP	3.0
멜론추출물	NNP	3.0
모나스커스/쌀발효물	NNP	3.0
모란뿌리추출물	NNP	3.0
모란추출물	NNP	3.0
모창출뿌리추출물	NNP	3.0
모하비유카뿌리추출물	NNP	3.0
목련꽃추출물	NNP	3.0
목면꽃추출물	NNP	3.0
몬모릴로나이트	NNP	3.0
몰로키아잎추출물	NNP	3.0
몰약수지추출물	NNP	3.0
무화과추출물	NNP	3.0
물냉이추출물	NNP	3.0
물푸레나무추출물	NNP	3.0
미나리추출물	NNP	3.0
미네랄워터	NNP	3.0
미로탐누스플라벨리폴리아잎/줄기추출물	NNP	3.0
미로탐누스플라벨리폴리아잎추출물	NNP	3.0
미리스토일/팔미토일옥소스테아라마이드/아라카마이드엠이에이	NNP	3.0
미리스틱애씨드	NNP	3.0
미리스틱애씨드t-부틸알코올	NNP	3.0
미리스틸글루코사이드	NNP	3.0
미리스틸니코티네이트	NNP	3.0
미리스틸알코올	NNP	3.0
미역추출물	NNP	3.0
미역취추출물	NNP	3.0
민들레전초추출물	NNP	3.0
밀몽화꽃추출물	NNP	3.0
밀싹추출물	NNP	3.0
밀크아미노산	NNP	3.0
밀펩타이드	NNP	3.0
바닐라열매추출물	NNP	3.0
바다포도추출물	NNP	3.0
바륨설페이트	NNP	3.0
바바수씨오일	NNP	3.0
바실러스/소이빈발효추출물	NNP	3.0
바실러스/폴릭애씨드발효여과추출물	NNP	3.0
바실러스발효물	NNP	3.0
바오밥나무씨오일	NNP	3.0
바오밥나무씨추출물	NNP	3.0
바오밥나무열매추출물	NNP	3.0
바오밥나무잎추출물	NNP	3.0
바위돌꽃추출물	NNP	3.0
바이오사카라이드검-1	NNP	3.0
바이오사카라이드검-4	NNP	3.0
바이오틴	NNP	3.0
바질꽃/잎/줄기추출물	NNP	3.0
바질오일	NNP	3.0
바질잎추출물	NNP	3.0
바쿠치올	NNP	3.0
바틸알코올	NNP	3.0
발린	NNP	3.0
발삼아미리스껍질오일	NNP	3.0
밤껍질추출물	NNP	3.0
밤부사불가리스수	NNP	3.0
밤부사불가리스싹추출물	NNP	3.0
밤부사불가리스잎/줄기추출물	NNP	3.0
밤부사불가리스추출물	NNP	3.0
방풍뿌리추출물	NNP	3.0
백미꽃추출물	NNP	3.0
버지니아풍년화수	NNP	3.0
버지니아풍년화잎수	NNP	3.0
버지니아풍년화잎추출물	NNP	3.0
버지니아풍년화추출물	NNP	3.0
베르가모트껍질오일	NNP	3.0
베르가모트오일	NNP	3.0
베르가모트오일+	NNP	3.0
베르가모트잎추출물	NNP	3.0
베르가모트추출물	NNP	3.0
베르가못잎추출물	NNP	3.0
베어베리잎추출물	NNP	3.0
베타-글루칸	NNP	3.0
베타-시토스테롤	NNP	3.0
베타-카로틴	NNP	3.0
베타-카리오필렌	NNP	3.0
베타글루칸	NNP	3.0
베타인	NNP	3.0
베타카로틴	NNP	3.0
베툴린	NNP	3.0
베티버뿌리오일	NNP	3.0
베헤네스-20	NNP	3.0
베헤닉애씨드	NNP	3.0
베헤닐알코올	NNP	3.0
베헨닐알코올	NNP	3.0
벤조익애씨드	NNP	3.0
벤조인나무검	NNP	3.0
벤조인나무검+	NNP	3.0
벤조트라이아졸릴도데실P-크레솔	NNP	3.0
벤조트라이아졸릴도데실p-크레솔	NNP	3.0
벤조페논-3	NNP	3.0
벤질글라이콜	NNP	3.0
벤질벤조에이트	NNP	3.0
벤질살리실레이트	NNP	3.0
벤질아세테이트	NNP	3.0
벤질알코올	NNP	3.0
벤토나이트	NNP	3.0
벼에스에이치-올리고펩타이드-1	NNP	3.0
변성알코올	NNP	3.0
변성옥수수전분	NNP	3.0
별꽃추출물	NNP	3.0
별꽃추출물*+	NNP	3.0
병풀꽃/잎/줄기추출물	NNP	3.0
병풀뿌리추출물	NNP	3.0
병풀잎소포	NNP	3.0
병풀잎수	NNP	3.0
병풀잎추출물	NNP	3.0
병풀추출물	NNP	3.0
병풀추출물정제수	NNP	3.0
보검선인장줄기추출물	NNP	3.0
보로실리케이트	NNP	3.0
보론나이트라이드	NNP	3.0
보리지씨오일아미노프로판다이올아마이드	NNP	3.0
보리지추출물	NNP	3.0
보리추출물	NNP	3.0
복령균핵추출물	NNP	3.0
복령추출물	NNP	3.0
복사나무꽃추출물	NNP	3.0
복사나무잎추출물	NNP	3.0
복숭아수	NNP	3.0
복숭아추출물	NNP	3.0
봉선화꽃추출물	NNP	3.0
봉의꼬리추출물	NNP	3.0
부들레야잎추출물	NNP	3.0
부들레야추출물	NNP	3.0
부시클로버잎/줄기추출물	NNP	3.0
부틸글라이콜	NNP	3.0
부틸렌/에틸렌/스타이렌코폴리머	NNP	3.0
부틸렌글라이콜	NNP	3.0
부틸렌글라이콜다이카프릴레이트/다이카프레이트	NNP	3.0
부틸렌라이콜	NNP	3.0
부틸메톡시디벤조일메탄	NNP	3.0
부틸아보카데이트	NNP	3.0
부틸옥틸살리실레이트	NNP	3.0
부틸올틸살리실레이트	NNP	3.0
부틸페닐메칠프로피오날	NNP	3.0
부틸페닐메틸프로피오날	NNP	3.0
분비나무오일	NNP	3.0
분홍바늘꽃꽃/잎/줄기추출물	NNP	3.0
불가리스매자뿌리추출물	NNP	3.0
불가리스쑥오일	NNP	3.0
불가리스쑥추출물	NNP	3.0
붉나무충영추출물	NNP	3.0
붉은토끼풀꽃추출물	NNP	3.0
붉은토끼풀추출물	NNP	3.0
브로멜라인	NNP	3.0
브로콜리싹추출물	NNP	3.0
브로콜리추출물	NNP	3.0
브루셀스프라우트추출물	NNP	3.0
브이피/브이에이코폴리머	NNP	3.0
브이피/에이코센코폴리머	NNP	3.0
브이피/에이코신코폴리머	NNP	3.0
브이피/헥사데센코폴리머	NNP	3.0
블래더랙추출물	NNP	3.0
블랙베리추출물	NNP	3.0
블루아가베잎추출물	NNP	3.0
블루위드씨오일	NNP	3.0
비누풀잎추출물	NNP	3.0
비니거	NNP	3.0
비닐다이메티콘	NNP	3.0
비닐다이메티콘/메티콘실세스퀴옥세인크로스폴리머	NNP	3.0
비닐디메치콘/메치콘실세스퀴옥산크로스폴리머	NNP	3.0
비사보롤	NNP	3.0
비스-다이글리세릴폴리아실아디페이트-2	NNP	3.0
비스-부틸다이메티콘폴리글리세릴-3	NNP	3.0
비스-에칠헥실옥시페놀메톡시페닐트리아진	NNP	3.0
비스-에틸헥실옥시페놀메톡시페닐트라이아진	NNP	3.0
비스-카프릴로일옥시팔미타미도아이소프로판올올레아놀릭애씨드	NNP	3.0
비스-피이지/피피지-20/5피이지/피피지-20/5다이메티콘	NNP	3.0
비스-하이드록시에톡시프로필다이메티콘/아이피디아이코폴리머에틸카바메이트	NNP	3.0
비에이치티	NNP	3.0
비에이치티비스-에칠헥실옥시페놀메톡시페닐트리아진	NNP	3.0
비즈왁스	NNP	3.0
비치스트로베리추출물	NNP	3.0
비타민나무수	NNP	3.0
비타민나무열매오일	NNP	3.0
비타민나무열매추출물	NNP	3.0
비타민나무오일	NNP	3.0
비터아몬드커넬오일	NNP	3.0
비터오렌지꽃추출물	NNP	3.0
비파나무잎추출물	NNP	3.0
비피다발효용해물	NNP	3.0
빌베리열매추출물	NNP	3.0
빙하수	NNP	3.0
뽕나무껍질추출물	NNP	3.0
뽕나무뿌리추출물	NNP	3.0
뽕나무열매추출물	NNP	3.0
뽕나무잎추출물	NNP	3.0
사과나무잎추출물	NNP	3.0
사과세포배양추출물	NNP	3.0
사과수	NNP	3.0
사과추출물	NNP	3.0
사막장미잎세포추출물	NNP	3.0
사이아노코발아민	NNP	3.0
사이클로덱스트린	NNP	3.0
사이클로메티콘	NNP	3.0
사이클로펜타실록산	NNP	3.0
사이클로펜타실록세인	NNP	3.0
사이클로헥사실록산	NNP	3.0
사이클로헥사실록세인	NNP	3.0
사이클로헥실글리세린	NNP	3.0
사철쑥추출물	NNP	3.0
사카라이드아이소머레이트	NNP	3.0
사카라이드하이드롤리세이트	NNP	3.0
사카리나앙구스타타/미역추출물	NNP	3.0
사코신	NNP	3.0
사탕무뿌리추출물	NNP	3.0
사탕수수추출물	NNP	3.0
사파이어가루	NNP	3.0
산소	NNP	3.0
산수유열매추출물	NNP	3.0
산양삼추출물	NNP	3.0
산자나무열매추출물	NNP	3.0
살구씨오일	NNP	3.0
살구즙	NNP	3.0
살구추출물	NNP	3.0
살리실릭애씨드	NNP	3.0
살비아수	NNP	3.0
살비아오일	NNP	3.0
살비아잎수	NNP	3.0
살비아잎추출물	NNP	3.0
살비아추출물	NNP	3.0
삼나무잎추출물	NNP	3.0
삼백초추출물	NNP	3.0
삼색제비꽃추출물+	NNP	3.0
삽주뿌리줄기추출물	NNP	3.0
생강뿌리줄기추출물	NNP	3.0
생강오일	NNP	3.0
생강추출물	NNP	3.0
서브틸리신	NNP	3.0
서양민들레뿌리줄기/뿌리추출물	NNP	3.0
서양배꽃추출물	NNP	3.0
서양배추출물	NNP	3.0
서양산딸기잎추출물	NNP	3.0
서양산딸기추출물	NNP	3.0
서양송악잎/줄기추출물	NNP	3.0
서양송악추출물	NNP	3.0
서양자두씨추출물	NNP	3.0
서양측백나무잎오일	NNP	3.0
서양톱풀추출물	NNP	3.0
석류씨세포배양용해물	NNP	3.0
석류씨오일	NNP	3.0
석류추출물	NNP	3.0
석시노글리칸	NNP	3.0
석시닉애씨드	NNP	3.0
성플루오르플로고파이트	NNP	3.0
세라마이드에이에스	NNP	3.0
세라마이드에이피	NNP	3.0
세라마이드엔에스	NNP	3.0
세라마이드엔지	NNP	3.0
세라마이드엔피	NNP	3.0
세라마이드엔피정제수	NNP	3.0
세라마이드이오피	NNP	3.0
세라알바	NNP	3.0
세럼알부민	NNP	3.0
세레신	NNP	3.0
세룰라타벚나무꽃추출물	NNP	3.0
세륨옥사이드	NNP	3.0
세린	NNP	3.0
세바식애씨드	NNP	3.0
세스퀴옥세인	NNP	3.0
세타이릭애씨드	NNP	3.0
세테스-10	NNP	3.0
세테스-3	NNP	3.0
세테스-5	NNP	3.0
세테아릴글루코사이드	NNP	3.0
세테아릴알코올	NNP	3.0
세테아릴에틸헥사노에이트	NNP	3.0
세테아릴올리베이트	NNP	3.0
세틸다이글리세릴트리스실릴에틸다이메티콘	NNP	3.0
세틸다이메티콘	NNP	3.0
세틸알코올	NNP	3.0
세틸에칠헥사노에이트	NNP	3.0
세틸에틸헥사노에이트	NNP	3.0
세틸팔미테이트	NNP	3.0
세틸포스페이트	NNP	3.0
세틸피이지/피피지-10/1다이메티콘	NNP	3.0
세틸피이지/피피지-10/1디메치콘	NNP	3.0
세틸하이드록시에틸셀룰로오스	NNP	3.0
센티드제라늄꽃오일	NNP	3.0
센티드제라늄꽃오일+	NNP	3.0
센티드제라늄추출물	NNP	3.0
셀룰로오스검	NNP	3.0
셀룰로오스검정제수	NNP	3.0
셀필룸추출물	NNP	3.0
소나무잎추출물	NNP	3.0
소두구씨오일	NNP	3.0
소듐구아이아줄렌설포네이트	NNP	3.0
소듐글루코네이트	NNP	3.0
소듐글리세로포스페이트	NNP	3.0
소듐다이라우미도글루타미드라이신	NNP	3.0
소듐데하이드로아세테이트	NNP	3.0
소듐덱스트란설페이트	NNP	3.0
소듐디엔에이	NNP	3.0
소듐라우로일글루타메이트	NNP	3.0
소듐라우로일아스파테이트	NNP	3.0
소듐라우릴글루코오스카복실레이트	NNP	3.0
소듐락테이트	NNP	3.0
소듐메타바이설파이트	NNP	3.0
소듐메타포스페이트	NNP	3.0
소듐메틸스테아로일타우레이트	NNP	3.0
소듐메틸코코일타우레이트	NNP	3.0
소듐미리스토일글루타메이트	NNP	3.0
소듐바이카보네이트	NNP	3.0
소듐벤조에이트	NNP	3.0
소듐설파이트	NNP	3.0
소듐스타치옥테닐석시네이트	NNP	3.0
소듐스테아로일글루타메이트	NNP	3.0
소듐시트레이트	NNP	3.0
소듐아세틸레이티드하이알루로네이트	NNP	3.0
소듐아세틸레이티드하이알루로네이트정제수	NNP	3.0
소듐아스코베이트	NNP	3.0
소듐아스코빌포스페이트	NNP	3.0
소듐아이소스테아로일락틸레이트	NNP	3.0
소듐아크릴레이트/비닐알코올코폴리머	NNP	3.0
소듐아크릴레이트/소듐아크릴로일다이메틸타우레이트코폴리머	NNP	3.0
소듐아크릴레이트/소듐아크릴로일디메칠타우레이트코폴리머	NNP	3.0
소듐아크릴레이트코폴리머	NNP	3.0
소듐아크릴레이트크로스폴리머-2	NNP	3.0
소듐아크릴릭애씨드/엠에이코폴리머	NNP	3.0
소듐올리에이트	NNP	3.0
소듐코코일사코시네이트	NNP	3.0
소듐코코일알라니네이트	NNP	3.0
소듐코코일이세티오네이트	NNP	3.0
소듐클로라이드	NNP	3.0
소듐트라이메타포스페이트	NNP	3.0
소듐파이테이트	NNP	3.0
소듐팔미토일사코시네이트	NNP	3.0
소듐팔미토일프롤린	NNP	3.0
소듐포스페이트	NNP	3.0
소듐포타슘알루미늄실리케이트	NNP	3.0
소듐폴리글루타메이트	NNP	3.0
소듐폴리아크릴레이트	NNP	3.0
소듐폴리아크릴로일다이메틸타우레이트	NNP	3.0
소듐피씨에이	NNP	3.0
소듐하이드록사이드	NNP	3.0
소듐하이알루로네이트	NNP	3.0
소듐하이알루로네이트다이메틸실란올	NNP	3.0
소듐하이알루로네이트다이메틸실란올정제수	NNP	3.0
소듐하이알루로네이트정제수	NNP	3.0
소듐하이알루로네이트크로스	NNP	3.0
소듐하이알루로네이트크로스폴리머	NNP	3.0
소듐헤파린	NNP	3.0
소르비탄세스퀴이소스테아레이트	NNP	3.0
소르비탄올리베이트	NNP	3.0
소르비탄올리에이트	NNP	3.0
소르비탄이소스테아레이트	NNP	3.0
소르빅애씨드	NNP	3.0
소목껍질추출물	NNP	3.0
소엽맥문동뿌리추출물	NNP	3.0
소엽잎추출물	NNP	3.0
소엽추출물	NNP	3.0
솔비탄다이스테아레이트	NNP	3.0
솔비탄라우레이트	NNP	3.0
솔비탄세스퀴아이소스테아레이트	NNP	3.0
솔비탄세스퀴올리에이트	NNP	3.0
솔비탄스테아레이트	NNP	3.0
솔비탄아이소스테아레이트	NNP	3.0
솔비탄올리베이트	NNP	3.0
솔비탄올리에이트	NNP	3.0
솔비탄카프릴레이트	NNP	3.0
솔비톨	NNP	3.0
솔잣나무잎/너트/줄기오일	NNP	3.0
솔잣나무잎/넛트/줄기오일	NNP	3.0
쇠뜨기추출물	NNP	3.0
쇠비름추출물	NNP	3.0
수국잎추출물	NNP	3.0
수레국화꽃수	NNP	3.0
수레국화꽃추출물	NNP	3.0
수박추출물	NNP	3.0
수베르참나무껍질추출물	NNP	3.0
수수잎/줄기추출물	NNP	3.0
수염틸란드시아추출물	NNP	3.0
수용성콜라겐	NNP	3.0
수용성콜라겐정제수	NNP	3.0
수용성프로테오글리칸	NNP	3.0
수크로오스	NNP	3.0
수크로오스다이스테아레이트	NNP	3.0
수크로오스라우레이트	NNP	3.0
수크로오스스테아레이트	NNP	3.0
수크로오스코코에이트	NNP	3.0
쉐어버터씨드케이크추출물	NNP	3.0
슈도알테로모나스발효추출물	NNP	3.0
스노우로투스추출물	NNP	3.0
스위트아몬드오일	NNP	3.0
스위트체스트넛로즈열매추출물	NNP	3.0
스쿠알란	NNP	3.0
스키조사카로미세스발효여과물	NNP	3.0
스타아니스열매/씨오일	NNP	3.0
스타아니스열매/씨오일+	NNP	3.0
스타아니스추출물	NNP	3.0
스타이렌/아크릴레이트코폴리머	NNP	3.0
스타퓔로코쿠스에피데르미디스발효여과물	NNP	3.0
스테아랄코늄헥토라이트	NNP	3.0
스테아레스-20	NNP	3.0
스테아로일글루타믹애씨드	NNP	3.0
스테아로일이눌린	NNP	3.0
스테아릭애씨드	NNP	3.0
스테아릴글리시레티네이트	NNP	3.0
스테아릴다이메티콘	NNP	3.0
스테아릴베헤네이트	NNP	3.0
스테아릴알코올	NNP	3.0
스테아릴헵타노에이트	NNP	3.0
스트렙토코쿠스테르모필루스발효물	NNP	3.0
스트렙토코쿠스테르모필루스발효추출여과물	NNP	3.0
스페인감초뿌리수	NNP	3.0
스페인감초뿌리추출물	NNP	3.0
스페인감초뿌리추출물마트리카리아꽃추출물	NNP	3.0
스피드웰추출물	NNP	3.0
스피어민트잎오일	NNP	3.0
스피어민트잎추출물	NNP	3.0
스피어민트추출물	NNP	3.0
스피어민트추출물정제수	NNP	3.0
스핑고모나스발효추출물	NNP	3.0
시금치추출물	NNP	3.0
시메티콘	NNP	3.0
시스테인	NNP	3.0
시스틴	NNP	3.0
시어버터	NNP	3.0
시어버터추출물	NNP	3.0
시조필란	NNP	3.0
시트랄	NNP	3.0
시트로넬라오일	NNP	3.0
시트로넬올	NNP	3.0
시트로넬올정제수	NNP	3.0
시트룰린	NNP	3.0
시트릭애씨드	NNP	3.0
시호뿌리추출물	NNP	3.0
신나밀알코올	NNP	3.0
신선초잎/줄기추출물	NNP	3.0
신선초추출물	NNP	3.0
실란트라이올	NNP	3.0
실리카	NNP	3.0
실리카다이메틸실릴레이트	NNP	3.0
실버버취목부추출물	NNP	3.0
실크아미노산	NNP	3.0
쌀겨수	NNP	3.0
쌀겨오일	NNP	3.0
쌀겨왁스	NNP	3.0
쌀단백질추출물	NNP	3.0
쌀발효여과물	NNP	3.0
쌀배아오일	NNP	3.0
쌀배아추출물	NNP	3.0
쌀수	NNP	3.0
쌀아미노산	NNP	3.0
쌀지게미추출물	NNP	3.0
쌀추출물	NNP	3.0
쑥잎수	NNP	3.0
쑥잎추출물	NNP	3.0
쑥추출물	NNP	3.0
쓴박하추출물	NNP	3.0
쓴풀추출물	NNP	3.0
씀바귀추출물	NNP	3.0
씨대퍼딜추출물	NNP	3.0
씨솔트	NNP	3.0
아가	NNP	3.0
아니스알데하이드	NNP	3.0
아데노신	NNP	3.0
아데노신정제수	NNP	3.0
아데노신트라이포스페이트	NNP	3.0
아데노신포스페이트	NNP	3.0
아라키딜글루코사이드	NNP	3.0
아라키딜알코올	NNP	3.0
아르간커넬오일	NNP	3.0
아르테미아추출물	NNP	3.0
아마씨추출물	NNP	3.0
아모다이메티콘	NNP	3.0
아미노메틸프로판다이올	NNP	3.0
아미노메틸프로판올	NNP	3.0
아미노에탄설피닉애씨드	NNP	3.0
아미노프로필다이메티콘	NNP	3.0
아밀라아제	NNP	3.0
아밀로덱스트린	NNP	3.0
아밀로펙틴	NNP	3.0
아보카도열매추출물	NNP	3.0
아보카도오일	NNP	3.0
아사이팜열매추출물	NNP	3.0
아세타마이드엠이에이	NNP	3.0
아세틸글루코사민	NNP	3.0
아세틸글루타민	NNP	3.0
아세틸다이펩타이드-1세틸에스터	NNP	3.0
아세틸테트라펩타이드-11	NNP	3.0
아세틸테트라펩타이드-2	NNP	3.0
아세틸테트라펩타이드-3	NNP	3.0
아세틸테트라펩타이드-5	NNP	3.0
아세틸헥사펩타이드-1	NNP	3.0
아세틸헥사펩타이드-8	NNP	3.0
아스코빅애씨드	NNP	3.0
아스코빅애씨드+	NNP	3.0
아스코빅애씨드폴리펩타이드	NNP	3.0
아스코빌글루코사이드	NNP	3.0
아스코빌글루코사이드알루미늄하이드록사이드	NNP	3.0
아스코빌테트라이소팔미테이트	NNP	3.0
아스코빌팔미테이트	NNP	3.0
아스코빌팔미테이트DY330징크옥사이드	NNP	3.0
아스코빌팔미테이트정제수	NNP	3.0
아스코빌프로필하이알루로네이트	NNP	3.0
아스타잔틴	NNP	3.0
아스파라거스추출물	NNP	3.0
아스파라진	NNP	3.0
아스파틱애씨드	NNP	3.0
아스퍼질러스발효물	NNP	3.0
아시아티코사이드	NNP	3.0
아시아틱애씨드	NNP	3.0
아이리쉬모스추출물	NNP	3.0
아이비고드열매추출물	NNP	3.0
아이소노닐아이소노나노에이트	NNP	3.0
아이소데실네오펜타노에이트	NNP	3.0
아이소도데케인	NNP	3.0
아이소류신	NNP	3.0
아이소말트	NNP	3.0
아이소보닐아세테이트	NNP	3.0
아이소부탄	NNP	3.0
아이소부틸메틸테트라하이드로피란올	NNP	3.0
아이소스테아릭애씨드	NNP	3.0
아이소스테아릴아이소스테아레이트	NNP	3.0
아이소아밀라우레이트	NNP	3.0
아이소트라이데실아이소노나노에이트	NNP	3.0
아이소프로필라우로일사코시네이트	NNP	3.0
아이소프로필미리스테이트	NNP	3.0
아이소프로필티타늄트라이아이소스테아레이트	NNP	3.0
아이소프로필팔미테이트	NNP	3.0
아이소헥사데칸	NNP	3.0
아이스플랜트추출물	NNP	3.0
아졸릴테트라메칠부틸페놀	NNP	3.0
아크릴레이트/C10-30알킬아크릴레이트크로스폴리머	NNP	3.0
아크릴레이트/C10-30일킬이크릴레이트크로스폴리머	NNP	3.0
아크릴레이트/C1030알킬아크릴레이트크로스폴리머	NNP	3.0
아크릴레이트/C10•30알킬아크릴레이트크로스폴리머	NNP	3.0
아크릴레이트/다이메티콘코폴리머	NNP	3.0
아크릴레이트/디메치콘코폴리머	NNP	3.0
아크릴레이트/브이피코폴리머	NNP	3.0
아크릴레이트/스테아레스-20메타크릴레이트코폴리머	NNP	3.0
아크릴레이트/스테아릴메타크릴레이트코폴리머	NNP	3.0
아크릴레이트/스테아릴아크릴레이트/다이메티콘메타크릴레이트코폴리머	NNP	3.0
아크릴레이트/암모늄메타크릴레이트코폴리머	NNP	3.0
아크릴레이트/폴리트라이메틸실록시메타크릴레이트코폴리머	NNP	3.0
아크릴레이트코폴리머	NNP	3.0
아크릴레트/C10-30알킬아크릴레이트크로스폴리머	NNP	3.0
아텔로콜라겐	NNP	3.0
아틀라스시다나무껍질오일	NNP	3.0
아티초크잎추출물	NNP	3.0
안드로그라피스파니큘라타리프추출물	NNP	3.0
안젤리카추출물	NNP	3.0
안하이드로자일리톨	NNP	3.0
알라닌	NNP	3.0
알라닌/히스티딘/라이신폴리펩타이드카퍼에이치씨엘	NNP	3.0
알라닐글루타민	NNP	3.0
알란토인	NNP	3.0
알로에베라꽃추출물	NNP	3.0
알로에베라잎수	NNP	3.0
알로에베라잎즙	NNP	3.0
알로에베라잎즙가루	NNP	3.0
알로에베라잎추출물	NNP	3.0
알루미나	NNP	3.0
알루미늄/마그네슘하이드록사이드스테아레이트	NNP	3.0
알루미늄디미리스테이트	NNP	3.0
알루미늄라이드록사이드	NNP	3.0
알루미늄미리스테이트	NNP	3.0
알루미늄수크로오스옥타설페이트	NNP	3.0
알루미늄스테아레이트	NNP	3.0
알루미늄전분옥테닐석시네이트	NNP	3.0
알루미늄하이드록사이드	NNP	3.0
알루미늄하이록사이드	NNP	3.0
알바수련꽃추출물	NNP	3.0
알부틴	NNP	3.0
알지닌	NNP	3.0
알지닌/라이신폴리펩타이드	NNP	3.0
알지닌벤토나이트	NNP	3.0
알지닌에이치씨엘	NNP	3.0
알지닌페룰레이트	NNP	3.0
알칼리게네스폴리사카라이드	NNP	3.0
알테로모나스발효추출물	NNP	3.0
알파-비사보롤	NNP	3.0
알파-아이소메틸아이오논	NNP	3.0
알파-알부틴	NNP	3.0
암모늄스타이렌/아크릴레이트코폴리머	NNP	3.0
암모늄아크릴로일다이메틸타우레이트/베헤네스-25메타크라일레이트크로스폴리머	NNP	3.0
암모늄아크릴로일다이메틸타우레이트/브이피코폴리머	NNP	3.0
암모늄아크릴로일다이메틸타우레이트브이피코폴리머	NNP	3.0
암모늄아크릴로일디메칠타우레이트/브이피코폴리머	NNP	3.0
암모늄폴리아크릴로일다이메틸타우레이트	NNP	3.0
애기부들이삭추출물	NNP	3.0
애플민트잎추출물	NNP	3.0
야생딸기잎추출물	NNP	3.0
야생딸기추출물	NNP	3.0
약모밀추출물	NNP	3.0
약모밀추출물세틸에틸헥사노에이트	NNP	3.0
얌빈뿌리추출물	NNP	3.0
양까막까치밥나무씨오일	NNP	3.0
양까막까치밥나무열매추출물	NNP	3.0
양배추추출물	NNP	3.0
양벚나무열매추출물	NNP	3.0
양파추출물	NNP	3.0
어성초추출물	NNP	3.0
얼룩파인애플추출물	NNP	3.0
에난티아클로란타껍질추출물	NNP	3.0
에델바이스추출물	NNP	3.0
에델바이스캘러스배양추출물	NNP	3.0
에리스리톨	NNP	3.0
에스에이치-올리고	NNP	3.0
에스에이치-올리고펩타이드-1	NNP	3.0
에스에이치-올리고펩타이드-1석류과피추출물	NNP	3.0
에스에이치-올리고펩타이드-2	NNP	3.0
에스에이치-폴리펩타이드-1	NNP	3.0
에스에이치-폴리펩타이드-11	NNP	3.0
에스에이치-폴리펩타이드-22	NNP	3.0
에스에이치-폴리펩타이드-3	NNP	3.0
에스에이치-폴리펩타이드-3정제수	NNP	3.0
에스에이치-폴리펩타이드-3티에이	NNP	3.0
에스에이치-폴리펩타이드-9	NNP	3.0
에우케우마세라/명주지누아리/사카리나앙구스타타/잎파래/미역추출물	NNP	3.0
에이치디아이/트라이메틸올헥실락톤크로스폴리머	NNP	3.0
에이치디아이/피피지/폴리카프롤락톤크로스폴리머	NNP	3.0
에칠아스코빌에텔	NNP	3.0
에칠헥실글리세린	NNP	3.0
에칠헥실메톡시신나메이트	NNP	3.0
에칠헥실메톡시크릴렌	NNP	3.0
에칠헥실살리실레이트	NNP	3.0
에칠헥실트리아존	NNP	3.0
에칠헬실트리아존	NNP	3.0
에키움플란타기네움씨오일	NNP	3.0
에탄올	NNP	3.0
에톡시다이글라이콜	NNP	3.0
에톡시메틸글루코사이드	NNP	3.0
에틱헥실글리세린	NNP	3.0
에틸렌/프로필렌/스타이렌코폴리머	NNP	3.0
에틸렌브라실레이트	NNP	3.0
에틸멘탄카복사마이드	NNP	3.0
에틸헥산다이올	NNP	3.0
에틸헥실글리세린	NNP	3.0
에틸헥실메톡시크릴렌	NNP	3.0
에틸헥실스테아레이트	NNP	3.0
에틸헥실아이소노나노에이트	NNP	3.0
에틸헥실올리베이트	NNP	3.0
에틸헥실팔미테이트	NNP	3.0
에피갈로카테킨갈레이트	NNP	3.0
에필로비움플레이스케리추출물	NNP	3.0
엑토인	NNP	3.0
엔히드로박테르아에로사쿠스발효추출여과물	NNP	3.0
엘더열매추출물	NNP	3.0
엘라직애씨드	NNP	3.0
연꽃꽃추출물	NNP	3.0
연꽃뿌리추출물	NNP	3.0
연꽃잎추출물	NNP	3.0
연꽃추출물	NNP	3.0
연옥가루	NNP	3.0
연필향나무오일	NNP	3.0
연필향나무오일+	NNP	3.0
영지버섯줄기추출물	NNP	3.0
영지버섯추출물	NNP	3.0
오레가노잎추출물	NNP	3.0
오렌지껍질오일	NNP	3.0
오렌지껍질오일+	NNP	3.0
오렌지꽃오일	NNP	3.0
오렌지오일	NNP	3.0
오렌지추출물	NNP	3.0
오르니틴	NNP	3.0
오르소시폰추출물	NNP	3.0
오리스뿌리추출물	NNP	3.0
오리자놀	NNP	3.0
오이열매추출물	NNP	3.0
오이풀뿌리추출물	NNP	3.0
오일팜오일	NNP	3.0
오일팜커넬오일	NNP	3.0
오조케라이트	NNP	3.0
오죽잎추출물	NNP	3.0
오카무라큰실말추출물	NNP	3.0
오크라열매추출물	NNP	3.0
옥소티아졸리딘	NNP	3.0
옥수수전분	NNP	3.0
옥수수커넬추출물	NNP	3.0
옥타데센	NNP	3.0
옥타데케인	NNP	3.0
옥탄다이올	NNP	3.0
옥토크릴렌	NNP	3.0
옥틸도데실네오펜타노에이트	NNP	3.0
옥틸도데칸올	NNP	3.0
온천수	NNP	3.0
올레스-10	NNP	3.0
올레아놀릭애씨드	NNP	3.0
올레익애씨드	NNP	3.0
올레일알코올	NNP	3.0
올리고펩타이드-1	NNP	3.0
올리고펩타이드-2	NNP	3.0
올리고펩타이드-3	NNP	3.0
올리브나무잎추출물	NNP	3.0
올리브오일	NNP	3.0
올리브오일데실에스터	NNP	3.0
올리브오일불검화물	NNP	3.0
와일드인디고뿌리추출물	NNP	3.0
왕귤껍질오일	NNP	3.0
왕귤껍질오일+	NNP	3.0
왕대추출물	NNP	3.0
왕벚나무잎추출물	NNP	3.0
왜당귀뿌리추출물	NNP	3.0
우레아	NNP	3.0
우릭애씨드	NNP	3.0
우엉뿌리추출물	NNP	3.0
우유단백질추출물	NNP	3.0
우유추출물	NNP	3.0
운데케인	NNP	3.0
울금뿌리추출물	NNP	3.0
울트라마린	NNP	3.0
워터민트추출물	NNP	3.0
워터히솝추출물	NNP	3.0
월귤추출물	NNP	3.0
위버대나무줄기추출물	NNP	3.0
유럽라임나무꽃추출물	NNP	3.0
유비퀴논	NNP	3.0
유용성감초추출물	NNP	3.0
유자추출물	NNP	3.0
유제놀	NNP	3.0
유채/유동오일코폴리머	NNP	3.0
유채스테롤	NNP	3.0
유청단백질	NNP	3.0
유칼립투스잎오일	NNP	3.0
유칼립투스잎추출물	NNP	3.0
유향나무오일	NNP	3.0
육계나무껍질추출물	NNP	3.0
육계잎오일	NNP	3.0
육계추출물	NNP	3.0
육두구추출물	NNP	3.0
육두구커넬오일	NNP	3.0
율무씨추출물	NNP	3.0
은행나무잎추출물	NNP	3.0
이노시톨	NNP	3.0
이눌린	NNP	3.0
이눌린라우릴카바메이트	NNP	3.0
이디티에이	NNP	3.0
이소노닐이소노나노에이트	NNP	3.0
이소데실네오펜타노에이트	NNP	3.0
이소도데칸	NNP	3.0
이소스테아릭애씨드	NNP	3.0
이소아밀-p-메톡시신나메이트	NNP	3.0
이소아밀P-메톡시신나메이트	NNP	3.0
이소아밀p-메톡시신나메이트	NNP	3.0
이소헥사데칸	NNP	3.0
익모초추출물	NNP	3.0
인도멀구슬나무껍질추출물	NNP	3.0
인도멀구슬나무꽃추출물	NNP	3.0
인도멀구슬나무잎추출물	NNP	3.0
인동덩굴꽃추출물	NNP	3.0
인디고잎추출물	NNP	3.0
인디안구스베리열매추출물	NNP	3.0
인삼수	NNP	3.0
인삼열매추출물	NNP	3.0
인삼잎/줄기추출물	NNP	3.0
인삼전초추출물	NNP	3.0
인삼추출물	NNP	3.0
인하이드로자일리톨	NNP	3.0
일랑일랑꽃오일	NNP	3.0
일랑일랑꽃오일+	NNP	3.0
잇꽃꽃추출물	NNP	3.0
잇꽃씨오일	NNP	3.0
자몽껍질오일	NNP	3.0
자몽추출물	NNP	3.0
자수정가루	NNP	3.0
자이언트켈프추출물	NNP	3.0
자일로글루칸	NNP	3.0
자일로오스	NNP	3.0
자일리톨	NNP	3.0
자일리틸글루코사이드	NNP	3.0
자작나무껍질추출물	NNP	3.0
자작나무무기자차선크림50ml정제수	NNP	3.0
자작나무수액	NNP	3.0
자주개자리씨추출물	NNP	3.0
자주개자리추출물	NNP	3.0
작약꽃추출물	NNP	3.0
작약뿌리추출물	NNP	3.0
잔탄검	NNP	3.0
잔탄검정제수	NNP	3.0
잣나무씨추출물	NNP	3.0
장미꽃오일	NNP	3.0
장미꽃추출물	NNP	3.0
장미추출물	NNP	3.0
장엽대황뿌리/줄기추출물	NNP	3.0
적색226호	NNP	3.0
적색227호	NNP	3.0
적색504호	NNP	3.0
적색산화철	NNP	3.0
적색산화철DN350징크옥사이드	NNP	3.0
적색산화철정제수	NNP	3.0
전성분다래즙	NNP	3.0
전호추출물	NNP	3.0
접시꽃추출물	NNP	3.0
정제수	NNP	3.0
제라니올	NNP	3.0
제라니올정제수	NNP	3.0
제비꽃꽃추출물	NNP	3.0
제주이질풀추출물	NNP	3.0
제주조릿대추출물	NNP	3.0
젤란검	NNP	3.0
조류추출물	NNP	3.0
줄맨드라미씨추출물	NNP	3.0
지실추출물	NNP	3.0
지치뿌리추출물	NNP	3.0
진주가루	NNP	3.0
진주추출물	NNP	3.0
진흙버섯추출물	NNP	3.0
질경이추출물	NNP	3.0
질경이택사덩이줄기추출물	NNP	3.0
징크글루코네이트	NNP	3.0
징크디엔에이	NNP	3.0
징크락테이트	NNP	3.0
징크스테아레이트	NNP	3.0
징크옥사이드	NNP	3.0
징크클로라이드	NNP	3.0
징크피씨에이	NNP	3.0
징크하이드롤라이즈드하이알루로네이트	NNP	3.0
찔레꽃열매추출물	NNP	3.0
참나리추출물	NNP	3.0
참나무뿌리추출물	NNP	3.0
참당귀뿌리추출물	NNP	3.0
참마뿌리추출물	NNP	3.0
참산호말추출물	NNP	3.0
창과감초뿌리추출물	NNP	3.0
창포뿌리추출물	NNP	3.0
천문동뿌리추출물	NNP	3.0
청색1호	NNP	3.0
청색1호정제수	NNP	3.0
체이스트트리추출물	NNP	3.0
초피나무열매추출물	NNP	3.0
측백나무추출물	NNP	3.0
치아씨추출물	NNP	3.0
치자꽃추출물	NNP	3.0
치자추출물	NNP	3.0
치커리뿌리추출물	NNP	3.0
칡뿌리추출물	NNP	3.0
카나우바왁스	NNP	3.0
카놀라오일	NNP	3.0
카룸페트로셀리눔추출물	NNP	3.0
카르노신	NNP	3.0
카보머	NNP	3.0
카올린	NNP	3.0
카우슬립추출물	NNP	3.0
카카두플럼추출물	NNP	3.0
카카오씨추출물	NNP	3.0
카카오추출물	NNP	3.0
카퍼글루코네이트	NNP	3.0
카퍼트라이펩타이드-1	NNP	3.0
카퍼트리펩타이드-1	NNP	3.0
카페익애씨드	NNP	3.0
카페인	NNP	3.0
카프레이트	NNP	3.0
카프릴로일살리실릭애씨드	NNP	3.0
카프릴릭/카프릭/석시닉트라이글리세라이드	NNP	3.0
카프릴릭/카프릭트라이글리세라이드	NNP	3.0
카프릴릭애씨드	NNP	3.0
카프릴릴/카프릴글라이콜	NNP	3.0
카프릴릴/카프릴글루코사이드	NNP	3.0
카프릴릴글라이콜	NNP	3.0
카프릴릴메치콘	NNP	3.0
카프릴릴메티콘	NNP	3.0
카프릴릴트라이메티콘	NNP	3.0
카프릴하이드록사믹애씨드	NNP	3.0
칸데릴라/호호바/쌀겨폴리글리세릴-3에스터	NNP	3.0
칸데릴라왁스	NNP	3.0
칸디다봄비콜라/글루코오스/메틸레이프씨데이트발효물	NNP	3.0
칼라민	NNP	3.0
칼슘글루코네이트	NNP	3.0
칼슘소듐보로실리케이트	NNP	3.0
칼슘알루미	NNP	3.0
칼슘알루미늄보로실리케이트	NNP	3.0
칼슘카보네이트	NNP	3.0
칼슘클로라이드	NNP	3.0
칼슘클로라이드정제수	NNP	3.0
칼슘판테테인설포네이트	NNP	3.0
칼슘판토테네이트	NNP	3.0
캐모마일꽃오일	NNP	3.0
캐모마일꽃추출물	NNP	3.0
캐스터오일/아이피디아이코폴리머	NNP	3.0
커르니틴	NNP	3.0
커먼자스민꽃수	NNP	3.0
커먼자스민꽃추출물	NNP	3.0
커먼자스민추출물	NNP	3.0
커피콩추출물	NNP	3.0
케이프알로에잎추출물	NNP	3.0
케일잎추출물	NNP	3.0
코직다이팔미테이트	NNP	3.0
코직애씨드	NNP	3.0
코치닐선인장열매추출물	NNP	3.0
코코-글루코사이드	NNP	3.0
코코-카프릴레이트	NNP	3.0
코코-카프릴레이트/카프레이트	NNP	3.0
코코•카프릴레이트/카프레이트	NNP	3.0
코코넛야자수	NNP	3.0
코코넛야자열매추출물	NNP	3.0
코코넛야자오일	NNP	3.0
코토니추출물	NNP	3.0
코튼씨오일	NNP	3.0
코튼씨추출물	NNP	3.0
코튼추출물	NNP	3.0
코폴리머	NNP	3.0
콘민트가루	NNP	3.0
콘민트오일	NNP	3.0
콘민트추출물	NNP	3.0
콜라겐	NNP	3.0
콜라겐수	NNP	3.0
콜라겐아미노산	NNP	3.0
콜라겐추출물	NNP	3.0
콜레스테롤	NNP	3.0
콜레스테릴헥실다이카바메이트풀루란	NNP	3.0
콥티스뿌리추출물	NNP	3.0
콩추출물	NNP	3.0
콩폴리펩타이드	NNP	3.0
쿠마린	NNP	3.0
쿠쿠이나무씨오일	NNP	3.0
쿠티박테리움그라눌로숨발효추출여과물	NNP	3.0
쿠티박테리움아크네스발효여과물	NNP	3.0
쿼세틴	NNP	3.0
퀼라자껍질추출물	NNP	3.0
크랜베리추출물	NNP	3.0
크레아틴	NNP	3.0
크로뮴옥사이드그린	NNP	3.0
크리산텔룸인디쿰추출물	NNP	3.0
크리신	NNP	3.0
클레리오일	NNP	3.0
클레리오일+	NNP	3.0
클레리추출물	NNP	3.0
클로렐라발효물	NNP	3.0
클로렐라불가리스추출물	NNP	3.0
클로렐라추출물	NNP	3.0
클로로필린-카퍼컴플렉스	NNP	3.0
클로브싹추출물	NNP	3.0
클로브잎오일	NNP	3.0
클로브잎오일+	NNP	3.0
클로페네신	NNP	3.0
클로헥시딘디글루코네이트	NNP	3.0
키토산	NNP	3.0
타라검	NNP	3.0
타라열매추출물	NNP	3.0
타우린	NNP	3.0
타이로신	NNP	3.0
타임꽃/잎추출물	NNP	3.0
타임잎수	NNP	3.0
타임잎추출물	NNP	3.0
타임추출물	NNP	3.0
타피오카전분	NNP	3.0
타히티바닐라추출물	NNP	3.0
탄닉애씨드	NNP	3.0
탄산수	NNP	3.0
탤크	NNP	3.0
탱자추출물	NNP	3.0
터펜틴	NNP	3.0
터피네올	NNP	3.0
테레프탈릴리덴디캠퍼설포닉애씨드	NNP	3.0
테레프탈릴리덴캠퍼설포닉애씨드	NNP	3.0
테르무스테르모필루스발효물	NNP	3.0
테트라데실아미노부티로일발릴아미노부티릭우레아트라이플루오로아세테이트	NNP	3.0
테트라메틸아세틸옥타하이드로나프탈렌	NNP	3.0
테트라아세틸피토스핑고신	NNP	3.0
테트라카복시메틸헥사노일다이펩타이드-12	NNP	3.0
테트라하이드로피페린	NNP	3.0
테트라하이드록시프로필에틸렌다이아민	NNP	3.0
토르말린	NNP	3.0
토마토수	NNP	3.0
토마토씨오일	NNP	3.0
토마토추출물	NNP	3.0
토멘틸뿌리추출물	NNP	3.0
토코페롤	NNP	3.0
토코페롤+	NNP	3.0
토코페롤정제수	NNP	3.0
토코페릴글루코사이드	NNP	3.0
토코페릴아세테이트	NNP	3.0
톨오일스테롤	NNP	3.0
톳추출물	NNP	3.0
퉁퉁마디추출물	NNP	3.0
트라넥사믹애씨드	NNP	3.0
트라이데세스-6	NNP	3.0
트라이데실트라이멜리테이트	NNP	3.0
트라이데케인	NNP	3.0
트라이메톡시벤질아세틸시나페이트	NNP	3.0
트라이메틸벤젠프로판올정제수	NNP	3.0
트라이메틸실록시실리케이트	NNP	3.0
트라이메틸실록시실리케이트/다이메티콘올크로스폴리머	NNP	3.0
트라이메틸펜타페닐트라이실록세인	NNP	3.0
트라이메틸펜탄다이올/아디픽애씨드/글리세린크로스폴리머	NNP	3.0
트라이베헤닌	NNP	3.0
트라이베헤닌피이지-20에스터	NNP	3.0
트라이소듐에틸렌다이아민다이석시네이트	NNP	3.0
트라이소듐이디티에이	NNP	3.0
트라이실록세인	NNP	3.0
트라이아이소스테아린	NNP	3.0
트라이아콘타닐피브이피	NNP	3.0
트라이에탄올아민	NNP	3.0
트라이에토시카프릴릴실레인	NNP	3.0
트라이에톡시실릴에틸폴리다이메틸실록시에틸헥실다이메티콘	NNP	3.0
트라이에톡시카프릴릴실레인	NNP	3.0
트라이에틸시트레이트	NNP	3.0
트라이에틸헥사노인	NNP	3.0
트라이펩타이드-1	NNP	3.0
트라이프로필렌글라이콜	NNP	3.0
트라이플루오로프로필다이메틸/트라이메틸실록시실리케이트	NNP	3.0
트라이하이드록시스테아린	NNP	3.0
트레오닌	NNP	3.0
트레할로오스	NNP	3.0
트로메타민	NNP	3.0
트로메타민다이메티콘/비닐다이메티콘크로스폴리머	NNP	3.0
트로메타민잔탄검	NNP	3.0
트로폴론	NNP	3.0
트루로즈오브예리코추출물	NNP	3.0
트리소듐에칠렌디아민디석시네이트	NNP	3.0
트리스-바이페닐트라이아진	NNP	3.0
트리에탄올아민	NNP	3.0
트리에톡시실릴에칠폴리디메칠실록시에칠헥실디메치콘	NNP	3.0
트리에톡시카프릴릴실란	NNP	3.0
트립토판	NNP	3.0
티몰트라이메톡시신나메이트	NNP	3.0
티아민에이치씨엘	NNP	3.0
티오타우린	NNP	3.0
티옥틱애씨드	NNP	3.0
티타늄디옥사이드	NNP	3.0
티트리잎수	NNP	3.0
티트리잎오일	NNP	3.0
티트리잎추출물	NNP	3.0
티트리추출물	NNP	3.0
틴옥사이드	NNP	3.0
파네솔	NNP	3.0
파스향나무잎추출물	NNP	3.0
파파야열매추출물	NNP	3.0
파파인	NNP	3.0
파프리카추출물	NNP	3.0
판테놀	NNP	3.0
판테놀+	NNP	3.0
판토락톤	NNP	3.0
판토테닉애씨드	NNP	3.0
팔리토일올리고펩타이드	NNP	3.0
팔마로사오일	NNP	3.0
팔마리아팔마타추출물	NNP	3.0
팔미타마이드엠이에이	NNP	3.0
팔미토엘테트라펩타이드-10	NNP	3.0
팔미토일글라이신	NNP	3.0
팔미토일에스에이치-트라이펩타이드-4아마이드	NNP	3.0
팔미토일테트라펩타이드-1	NNP	3.0
팔미토일테트라펩타이드-10	NNP	3.0
팔미토일테트라펩타이드-7	NNP	3.0
팔미토일트라이펩타이드-1	NNP	3.0
팔미토일트라이펩타이드-5	NNP	3.0
팔미토일펜타펩타이드-4	NNP	3.0
팔미토일프롤린	NNP	3.0
팔미토일헥사펩타이드-12	NNP	3.0
팔미틱애씨드	NNP	3.0
퍼플루오로옥틸트라이에톡시실레인	NNP	3.0
페네칠벤조에이트	NNP	3.0
페네틸벤조에이트	NNP	3.0
페네틸알코올	NNP	3.0
페녹시에탄올	NNP	3.0
페닐벤즈이미다졸설포닉애씨드	NNP	3.0
페닐알라닌	NNP	3.0
페닐에틸레조시놀	NNP	3.0
페닐트라이메타콘	NNP	3.0
페닐트라이메티콘	NNP	3.0
페루기네움철쭉추출물	NNP	3.0
페룰릭애씨드	NNP	3.0
페퍼민트오일	NNP	3.0
페퍼민트잎추출물	NNP	3.0
펜타에리스리틸스테아레이트/카프레이트/카프릴레이트/아디페이트	NNP	3.0
펜타에리스리틸테트라-다이-T-부틸하이드록시하이드로신나메이트	NNP	3.0
펜타에리스리틸테트라-다이-t-부틸하이드록시하이드로신나메이트	NNP	3.0
펜타에리스리틸테트라에틸헥사노에이트	NNP	3.0
펜타펩타이드-3	NNP	3.0
펜틸렌글라이콜	NNP	3.0
편백나무잎추출물	NNP	3.0
편백수	NNP	3.0
편백오일	NNP	3.0
편백잎추출물	NNP	3.0
포도덩굴수액	NNP	3.0
포도세포추출물	NNP	3.0
포도씨오일	NNP	3.0
포도씨추출물	NNP	3.0
포도주	NNP	3.0
포도주추출물	NNP	3.0
포도추출물	NNP	3.0
포믹애씨드	NNP	3.0
포스파티딜콜린	NNP	3.0
포스포리피드	NNP	3.0
포타슘마네슘아스파테이트	NNP	3.0
포타슘세틜포스페이트	NNP	3.0
포타슘세틸포스페이트	NNP	3.0
포타슘소르베이트	NNP	3.0
포타슘솔베이트	NNP	3.0
포타슘카보머	NNP	3.0
포타슘클로라이드	NNP	3.0
포타슘포스페이트	NNP	3.0
포타슘하이드록사이드	NNP	3.0
포타슘하이알루로네이트	NNP	3.0
포트마리골드꽃추출물	NNP	3.0
폴록사머188	NNP	3.0
폴리C10-30알킬아크릴레이트	NNP	3.0
폴리C10-30알킬이크릴레이트	NNP	3.0
폴리C10•30알킬아크릴레이트	NNP	3.0
폴리c10-30알킬아크릴레이트	NNP	3.0
폴리그리세릴-6스테아레이트	NNP	3.0
폴리글루타믹애씨드	NNP	3.0
폴리글리세린-3	NNP	3.0
폴리글리세린-6	NNP	3.0
폴리글리세릴-10다이아이소스테아레이트	NNP	3.0
폴리글리세릴-10라우레이트	NNP	3.0
폴리글리세릴-10미리스테이트	NNP	3.0
폴리글리세릴-10스테아레이트	NNP	3.0
폴리글리세릴-10아이소스테아레이트/티타늄디옥사이드	NNP	3.0
폴리글리세릴-10에이코산다이오에이트/테트라데칸다이오에이트	NNP	3.0
폴리글리세릴-10올리에이트	NNP	3.0
폴리글리세릴-2다이폴리하이드록시스테아레이트	NNP	3.0
폴리글리세릴-2디폴리하이드록시스테아레이트	NNP	3.0
폴리글리세릴-2스테아레이트	NNP	3.0
폴리글리세릴-2아이소스테아레이트	NNP	3.0
폴리글리세릴-2올리에이트	NNP	3.0
폴리글리세릴-2카프레이트	NNP	3.0
폴리글리세릴-2트라이아이소스테아레이트	NNP	3.0
폴리글리세릴-3다이스테아레이트	NNP	3.0
폴리글리세릴-3다이아이소스테아레이트	NNP	3.0
폴리글리세릴-3리시놀리에이트	NNP	3.0
폴리글리세릴-3메칠글루코오스디스테아레이트	NNP	3.0
폴리글리세릴-3메틸글루코스다이스테아레이트	NNP	3.0
폴리글리세릴-3메틸글루코오스다이스테아레이트	NNP	3.0
폴리글리세릴-3올리에이트	NNP	3.0
폴리글리세릴-3폴리다이메틸실록시에틸다이메티콘	NNP	3.0
폴리글리세릴-3폴리디메칠실록시에칠디메치콘	NNP	3.0
폴리글리세릴-3폴리리시놀리에이트	NNP	3.0
폴리글리세릴-4다이아이소스테아레이트/폴리하이드록시스테아레이트/세바케이트	NNP	3.0
폴리글리세릴-4라우레이트	NNP	3.0
폴리글리세릴-4아이소스테아레이트	NNP	3.0
폴리글리세릴-4올리에이트	NNP	3.0
폴리글리세릴-4이소스테아레이트	NNP	3.0
폴리글리세릴-4카프레이트	NNP	3.0
폴리글리세릴-5라우레이트	NNP	3.0
폴리글리세릴-5폴리리시놀리에이트	NNP	3.0
폴리글리세릴-6다이스테아레이트	NNP	3.0
폴리글리세릴-6다이카프레이트	NNP	3.0
폴리글리세릴-6라우레이트	NNP	3.0
폴리글리세릴-6베헤네이트	NNP	3.0
폴리글리세릴-6스테아레이트	NNP	3.0
폴리글리세릴-6카프릴레이트	NNP	3.0
폴리글리세릴-6폴리리시놀리에이트	NNP	3.0
폴리글리세릴-6폴리하이드록시스테아레이트	NNP	3.0
폴리글리세릴-다이폴리하이드록시스테아레이트	NNP	3.0
폴리글리세릴•3메틸글루코오스다이스테아레이트	NNP	3.0
폴리글리세릴•4아이소스테아레이트	NNP	3.0
폴리다이에틸실록세인	NNP	3.0
폴리디에칠실록산	NNP	3.0
폴리락틱애씨드	NNP	3.0
폴리메칠실세스퀴옥산	NNP	3.0
폴리메칠실세스퀴옥세인	NNP	3.0
폴리메틸	NNP	3.0
폴리메틸메타크릴레이트	NNP	3.0
폴리메틸실세스퀴옥세인	NNP	3.0
폴리비닐알코올	NNP	3.0
폴리소르베이트20	NNP	3.0
폴리소르베이트80	NNP	3.0
폴리솔베이트20	NNP	3.0
폴리솔베이트60	NNP	3.0
폴리솔베이트80	NNP	3.0
폴리실리콘-1	NNP	3.0
폴리실리콘-11	NNP	3.0
폴리실리콘-15	NNP	3.0
폴리실리콘-2	NNP	3.0
폴리실리콘-9	NNP	3.0
폴리아마이드-8	NNP	3.0
폴리아이소부텐	NNP	3.0
폴리아크릴레이트-13	NNP	3.0
폴리아크릴레이트크로스폴리머-11	NNP	3.0
폴리아크릴레이트크로스폴리머-6	NNP	3.0
폴리아크릴레이트크로스폴리머•6	NNP	3.0
폴리아크릴릭애씨드	NNP	3.0
폴리아크릴아마이드	NNP	3.0
폴리에스터-1	NNP	3.0
폴리에스터-5	NNP	3.0
폴리에스터-7	NNP	3.0
폴리에스터-8	NNP	3.0
폴리에터-1	NNP	3.0
폴리우레탄-15	NNP	3.0
폴리우레탄-15정제수	NNP	3.0
폴리우레탄-35	NNP	3.0
폴리카프릴릴실세스퀴옥세인	NNP	3.0
폴리쿼터늄-39	NNP	3.0
폴리쿼터늄-51	NNP	3.0
폴리쿼터늄-61	NNP	3.0
폴리페닐실세스퀴옥세인	NNP	3.0
폴리프로필실세스퀴옥세인	NNP	3.0
폴리하이드록시스테아릭애씨드	NNP	3.0
폴릭애씨드	NNP	3.0
폴스애플민트잎추출물	NNP	3.0
푸른연꽃수	NNP	3.0
푸른연꽃추출물정제수	NNP	3.0
푸시디움코키네움발효용해추출여과물	NNP	3.0
푸코오스	NNP	3.0
풀루란	NNP	3.0
풍선덩굴꽃/잎/덩굴추출물	NNP	3.0
프랑스해안송껍질추출물	NNP	3.0
프렌치로즈꽃추출물	NNP	3.0
프로콜라겐	NNP	3.0
프로테아제	NNP	3.0
프로판	NNP	3.0
프로판다이올	NNP	3.0
프로판디올	NNP	3.0
프로폴리스추출물	NNP	3.0
프로필렌글라이콜	NNP	3.0
프로필렌글라이콜다이벤조에이트	NNP	3.0
프로필렌글라이콜다이카프릴레이트/다이카프레이트	NNP	3.0
프로필렌카보네이트	NNP	3.0
프로필헵틸카프릴레이트	NNP	3.0
프롤린	NNP	3.0
프룩탄	NNP	3.0
프룩토오스	NNP	3.0
프룩토올리고사카라이드	NNP	3.0
플랑크톤추출물	NNP	3.0
플로레틴	NNP	3.0
피넨	NNP	3.0
피리독신	NNP	3.0
피리독신에이치씨엘	NNP	3.0
피마자씨오일	NNP	3.0
피마자씨오일+	NNP	3.0
피버퓨추출물	NNP	3.0
피브이엠/엠에이코폴리머	NNP	3.0
피브이피	NNP	3.0
피씨에이	NNP	3.0
피이지-100스테아레이트	NNP	3.0
피이지-100하이드로제네이티드캐스터오일	NNP	3.0
피이지-10다이메티콘	NNP	3.0
피이지-10디메치콘	NNP	3.0
피이지-10레이프씨드스테롤	NNP	3.0
피이지-12다이메티콘	NNP	3.0
피이지-12다이메티콘/피피지-20크로스폴리머	NNP	3.0
피이지-14M	NNP	3.0
피이지-15코카민	NNP	3.0
피이지-30다이폴리하이드록시스테아레이트	NNP	3.0
피이지-30디폴리하이드록시스테아레이트	NNP	3.0
피이지-400	NNP	3.0
피이지-40스테아레이트	NNP	3.0
피이지-5레이프씨드스테롤	NNP	3.0
피이지-6	NNP	3.0
피이지-60하이드로제네이티드캐스터오일	NNP	3.0
피이지-9폴리다이메틸실록시에틸다이메티콘	NNP	3.0
피이지/피피지-14/7다이메틸에터	NNP	3.0
피이지/피피지-17/4다이메틸에터	NNP	3.0
피이지/피피지-18/18다이메티콘	NNP	3.0
피이지/피피지-9/2다이메틸에터	NNP	3.0
피토스테롤	NNP	3.0
피토스테릴/옥틸도데실라우로일글루타메이트	NNP	3.0
피토스테릴/이소스테아릴/세틸/스테아릴/베헤닐다이머디리놀리에이트	NNP	3.0
피토스테릴글루코사이드/글루코실세라마이드	NNP	3.0
피토스테릴마카다미에이트	NNP	3.0
피토스핑고신	NNP	3.0
피피지-12/에스엠디아이코폴리머	NNP	3.0
피피지-13-데실테트라데세스-24	NNP	3.0
피피지-17	NNP	3.0
피피지-8-세테스-20	NNP	3.0
필리핀오렌지껍질오일	NNP	3.0
하늘타리뿌리추출물	NNP	3.0
하수오뿌리추출물	NNP	3.0
하이드레이티드실리카	NNP	3.0
하이드로시프로필메틸셀룰로오스스테아록시에터	NNP	3.0
하이드로제네이티드돌콩폴리글리세라이즈	NNP	3.0
하이드로제네이티드레시틴	NNP	3.0
하이드로제네이티드식물성글리세라이즈시트레이트	NNP	3.0
하이드로제네이티드에틸헥실올리베이트	NNP	3.0
하이드로제네이티드올리브오일불검화물	NNP	3.0
하이드로제네이티드유채씨오일	NNP	3.0
하이드로제네이티드채종유	NNP	3.0
하이드로제네이티드캐스터오일/세바식애씨드코폴리머	NNP	3.0
하이드로제네이티드캐스터오일다이머다이리놀레에이트	NNP	3.0
하이드로제네이티드코코넛오일	NNP	3.0
하이드로제네이티드파네신	NNP	3.0
하이드로제네이티드팜글리세라이드	NNP	3.0
하이드로제네이티드팜글리세라이즈	NNP	3.0
하이드로제네이티드팜글리세라이즈시트레이트	NNP	3.0
하이드로제네이티드팜오일	NNP	3.0
하이드로제네이티드포스파티딜콜린	NNP	3.0
하이드로제네이티드폴리	NNP	3.0
하이드로제네이티드폴리데센	NNP	3.0
하이드로제네이티드폴리사이클로펜타다이엔	NNP	3.0
하이드로제네이티드폴리아이소부텐	NNP	3.0
하이드로젠다이메티콘	NNP	3.0
하이드록시스테아릭애씨드	NNP	3.0
하이드록시시트로넬알	NNP	3.0
하이드록시신나믹애씨드	NNP	3.0
하이드록시아세토페논	NNP	3.0
하이드록시아파타이트	NNP	3.0
하이드록시에틸셀룰로오스	NNP	3.0
하이드록시에틸아크릴레이트/소듐아크릴로일다이메틸타우레이트코폴리머	NNP	3.0
하이드록시에틸우레아	NNP	3.0
하이드록시카프릭애씨드	NNP	3.0
하이드록시페닐프로파미도벤조익애씨드	NNP	3.0
하이드록시프로필구아	NNP	3.0
하이드록시프로필메틸셀룰로오스	NNP	3.0
하이드록시프로필메틸셀룰로오스스테아록시에터	NNP	3.0
하이드록시프로필메틸셀룰로오스스테아록실에터	NNP	3.0
하이드록시프로필비스팔미타마이드엠이에이	NNP	3.0
하이드록시프로필사이클로덱스트린	NNP	3.0
하이드록시프로필셀룰로오스	NNP	3.0
하이드록시프로필스타치포스페이트	NNP	3.0
하이드록시프로필트라이모늄하이알루로네이트	NNP	3.0
하이드록시피나콜론레티노에이트	NNP	3.0
하이드롤라이즈드감자단백질	NNP	3.0
하이드롤라이즈드귀리단백질	NNP	3.0
하이드롤라이즈드글라이코사미노글리칸	NNP	3.0
하이드롤라이즈드기장	NNP	3.0
하이드롤라이즈드디엔에이	NNP	3.0
하이드롤라이즈드루핀단백질	NNP	3.0
하이드롤라이즈드밀단백질	NNP	3.0
하이드롤라이즈드밀단백질/피브이피크로스폴리머	NNP	3.0
하이드롤라이즈드보리단백질	NNP	3.0
하이드롤라이즈드소듐디엔에이	NNP	3.0
하이드롤라이즈드소듐하이알루로네이트	NNP	3.0
하이드롤라이즈드스위트아몬드단백질	NNP	3.0
하이드롤라이즈드식물성단백질	NNP	3.0
하이드롤라이즈드쌀겨단백질	NNP	3.0
하이드롤라이즈드쌀단백질	NNP	3.0
하이드롤라이즈드엘라스틴	NNP	3.0
하이드롤라이즈드오크라추출물	NNP	3.0
하이드롤라이즈드옥수수단백질	NNP	3.0
하이드롤라이즈드옥수수전분	NNP	3.0
하이드롤라이즈드완두콩단백질	NNP	3.0
하이드롤라이즈드익스텐신	NNP	3.0
하이드롤라이즈드콜라겐	NNP	3.0
하이드롤라이즈드콜라겐추출물	NNP	3.0
하이드롤라이즈드콩단백질	NNP	3.0
하이드롤라이즈드하이알루로닉애씨드	NNP	3.0
하이드롤라이즈드호호바단백질	NNP	3.0
하이드롤라이즈드호호바에스터	NNP	3.0
하이알루로닉애씨드	NNP	3.0
하이알루로닉애씨드/폴리아이소프로필아크릴아마이드코폴리머	NNP	3.0
한련초잎추출물	NNP	3.0
한련초추출물	NNP	3.0
합성비즈왁스	NNP	3.0
합성왁스	NNP	3.0
합성플루오르플로고파이트	NNP	3.0
해당화추출물	NNP	3.0
해마토코쿠스플루비알리스오일	NNP	3.0
해마토코쿠스플루비알리스추출물	NNP	3.0
해바라기꽃추출물	NNP	3.0
해바라기씨오일	NNP	3.0
해바라기씨오일불검화물	NNP	3.0
해바라기씨왁스	NNP	3.0
해수	NNP	3.0
향기제비꽃/잎추출물	NNP	3.0
향기제비꽃잎추출물	NNP	3.0
향료	NNP	3.0
향료정제수	NNP	3.0
헤스페리딘메틸칼콘	NNP	3.0
헥사메틸인다노피란	NNP	3.0
헥사펩타이드-11	NNP	3.0
헥사펩타이드-2	NNP	3.0
헥사펩타이드-9	NNP	3.0
헥실데실에칠헥사노에이트	NNP	3.0
헥실라우레이트	NNP	3.0
헥실렌글라이콜	NNP	3.0
헥실신남알	NNP	3.0
헥토라이트	NNP	3.0
헬리오트로핀	NNP	3.0
헵타소듐헥사카복시메틸다이펩타이드-12	NNP	3.0
헵틸운데실레네이트	NNP	3.0
호동씨오일	NNP	3.0
호두추출물	NNP	3.0
호모살레이트	NNP	3.0
호박가루	NNP	3.0
호박씨오일	NNP	3.0
호장근뿌리추출물	NNP	3.0
호장근뿌리추출물황금추출물	NNP	3.0
호호바씨오일	NNP	3.0
호호바에스터	NNP	3.0
홀리바질잎추출물	NNP	3.0
홍삼추출물	NNP	3.0
홍차추출물	NNP	3.0
화이트윌로우껍질추출물	NNP	3.0
황금추출물	NNP	3.0
황기뿌리추출물	NNP	3.0
황련뿌리추출물	NNP	3.0
황련추출물	NNP	3.0
황벽나무껍질추출물	NNP	3.0
황색5호	NNP	3.0
황색산화철	NNP	3.0
황차추출물	NNP	3.0
황차카테킨	NNP	3.0
회화나무꽃추출물	NNP	3.0
회화나무뿌리추출물	NNP	3.0
효모/감자추출물발효여과물	NNP	3.0
효모/골담초뿌리발효추출물	NNP	3.0
효모/보리씨발효여과물	NNP	3.0
효모/쌀발효여과물	NNP	3.0
효모/율무씨발효여과물	NNP	3.0
효모/자일리눔/홍차발효물	NNP	3.0
효모발효물	NNP	3.0
효모발효여과물	NNP	3.0
효모발효용해여과물	NNP	3.0
효모발효추출물	NNP	3.0
효모추출물	NNP	3.0
효모폴리펩타이드	NNP	3.0
후추열매오일	NNP	3.0
흑미추출물	NNP	3.0
흑삼추출물	NNP	3.0
흑색산화철	NNP	3.0
흑색산화철DN310징크옥사이드	NNP	3.0
흑색산화철DP320징크옥사이드	NNP	3.0
흑색산화철DY300징크옥사이드	NNP	3.0
흑색산화철LN110징크옥사이드	NNP	3.0
흑색산화철LP110징크옥사이드	NNP	3.0
흑색산화철MN230징크옥사이드	NNP	3.0
흑색산화철MP200징크옥사이드	NNP	3.0
흑색산화철MY210징크옥사이드	NNP	3.0
흑색산화철MY220징크옥사이드	NNP	3.0
흑색산화철병풀잎수	NNP	3.0
흑색산화철정제수	NNP	3.0
흑효모발효물	NNP	3.0
흰목이버섯추출물	NNP	3.0
흰목이버섯폴리사카라이드	NNP	3.0
흰버드나무껍질추출물	NNP	3.0
흰서양송로수	NNP	3.0
흰서양송로추출물	NNP	3.0
히비스커스꽃추출물	NNP	3.0
히스티딘	NNP	3.0
히아신스전초추출물	NNP	3.0
선크림	NNP	3.0
썬크림	NNP	3.0
선스크린	NNP	3.0
무기자차	NNP	3.0
유기자차	NNP	3.0
혼합자차	NNP	3.0
백탁	NNP	3.0
톤업	NNP	3.0
제형	NNP	3.0
차단지수	NNP	3.0
내수성	NNP	3.0
워터프루프	NNP	3.0
기능성화장품	NNP	3.0
전성분	NNP	3.0
배합순위	NNP	3.0
미백기능	NNP	3.0
주름개선	NNP	3.0
